model,scenario,horizon_months,new_paying_clients,active_paying_clients_exit,client_months,practices,repeat_practices,candidates_activated,checks_requested,checks_free,checks_retry,provider_attempts,provider_cost,payment_cost,revenue_net,contribution_cash_before_acquisition,contribution_economic_before_acquisition,acquisition_cash,renter_acquisition_cash,contribution_cash_after_acquisition,contribution_economic_after_acquisition,fixed_cash_cost,operating_cash,operating_economic,setup_cash,setup_founder_hours,project_economic_after_setup,cumulative_cash_after_setup,max_cash_deficit,cash_reserve,cash_requirement_with_reserve,max_cash_deficit_30d,cash_requirement_30d_with_reserve,cash_requirement_with_founder_draws,founder_hours_including_setup,founder_setup_hours,contractor_setup_hours,contractor_hours,contractor_cash,founder_economic_earnings_per_hour,operating_economic_exit_month,operating_cash_exit_month,founder_hours_exit_month,practices_exit_month,revenue_exit_month
B,prudente,12,24.5,16.229972,98.930249,39.38605,14.88605,39.38605,39.38605,3.150884,10.634233,53.171167,692.288596,28.658471,976.577103,243.0265,-792.76473,735.0,0.0,-491.9735,-2997.76473,3240,-3731.9735,-20637.76473,2000.0,120.0,-26237.76473,-5731.9735,5731.9735,1000,6731.9735,5871.965933,6871.965933,31619.380987,683.526374,120.0,0.0,0.0,0.0,-8.385885,-1849.034211,-325.162125,50.795736,5.645994,139.992433
B,prudente,24,64.0,29.082552,378.257028,126.851406,62.851406,126.851406,126.851406,10.148112,34.249879,171.249397,2229.667155,92.300888,3145.2806,782.720107,-2419.103987,1920.0,0.0,-1137.279893,-8179.103987,6480,-7617.279893,-43459.103987,2000.0,120.0,-49059.103987,-9617.279893,9617.279893,1000,10617.279893,9840.844271,10840.844271,54857.029289,1314.72747,120.0,0.0,0.0,0.0,-7.315037,-1997.006561,-334.364794,55.421392,9.01651,223.564378
B,centrale,12,49.0,37.970143,221.801091,109.480382,60.480382,109.480382,109.480382,4.379215,17.07894,130.938537,1217.728392,82.566272,2925.698987,1603.508246,-230.059625,882.0,0.0,721.508246,-3317.059625,3240,-2518.491754,-20957.059625,2000.0,120.0,-26557.059625,-4518.491754,4518.491754,1000,5518.491754,4977.856696,5977.856696,32610.24377,734.618929,120.0,0.0,0.0,0.0,-6.150797,-1873.960701,-126.232653,58.257602,17.18955,459.364942
B,centrale,24,134.0,81.004893,964.256679,424.589838,290.589838,424.589838,424.589838,16.983594,66.236015,507.809446,4722.627846,320.210795,11346.526526,6218.769918,-556.024674,2412.0,0.0,3806.769918,-8998.024674,6480,-2673.230082,-44278.024674,2000.0,120.0,-49878.024674,-4673.230082,4901.32137,1000,5901.32137,5651.350775,6651.350775,56927.487545,1506.826486,120.0,0.0,0.0,0.0,-3.101372,-2002.404626,77.416331,69.327365,33.551712,896.619189
B,favorevole,12,86.0,74.275001,409.274966,247.637483,161.637483,247.637483,247.637483,4.95275,17.681316,270.271549,1567.574985,190.702159,6932.289414,5144.295772,2472.839989,1032.0,0.0,4112.295772,-623.160011,3240,872.295772,-18263.160011,2000.0,120.0,-23863.160011,-1127.704228,2779.062536,1000,3779.062536,3284.763893,4284.763893,30393.65284,757.848526,120.0,0.0,0.0,0.0,-1.488034,-1423.10108,483.729863,63.561031,42.637501,1193.581401
B,favorevole,24,253.5,188.873602,2035.342124,1144.421062,890.921062,1144.421062,1144.421062,22.888421,81.711664,1249.021147,7244.322653,881.302638,32036.579883,23773.624065,12075.589768,3042.0,0.0,20731.624065,2949.589768,6480,14251.624065,-32330.410232,2000.0,120.0,-37930.410232,12251.624065,2779.062536,1000,3779.062536,3284.763893,4284.763893,46543.348696,1672.734477,120.0,0.0,0.0,0.0,7.324309,-935.00922,1665.970268,86.699316,102.436801,2867.585072
D,prudente,12,24.5,17.52996,104.655456,40.531091,16.031091,81.062182,40.531091,3.242487,10.943395,54.716973,712.414988,76.219933,3430.754207,2629.149337,206.723017,1102.5,0.0,1526.649337,-3835.776983,5400,-3873.350663,-23635.776983,3000.0,180.0,-32035.776983,-6873.350663,6873.350663,1350,8223.350663,7373.263363,8723.263363,39099.078378,838.747544,180.0,0.0,0.0,0.0,-8.194779,-2106.327034,-201.893236,63.481127,5.905992,499.912699
D,prudente,24,73.5,40.008028,458.657676,150.531535,77.031535,301.06307,150.531535,12.042523,40.643514,203.217572,2645.892793,283.079068,12741.74179,9764.599838,1030.151008,3307.5,0.0,6457.099838,-11097.348992,10800,-4342.900162,-50697.348992,3000.0,180.0,-59097.348992,-7342.900162,7598.406063,1350,8948.406063,8457.283738,9807.283738,67897.79321,1725.148294,180.0,0.0,0.0,0.0,-4.256388,-2379.967612,103.513794,82.782714,12.001606,1015.87591
D,centrale,12,24.5,19.777108,114.234948,114.234948,89.734948,228.469897,148.505433,5.940217,23.166848,177.612498,1651.796229,225.17022,10421.482991,8521.669551,4601.761518,735.0,0.0,7786.669551,1661.761518,5400,2386.669551,-18138.238482,3000.0,180.0,-26538.238482,-613.330449,4125.46639,1350,5475.46639,4770.267198,6120.267198,34295.049056,864.163601,180.0,0.0,0.0,0.0,-0.709739,-1200.275867,935.327658,71.186784,19.777108,1804.235895
D,centrale,24,73.5,49.154627,536.062092,536.062092,462.562092,1072.124183,696.880719,27.875229,108.713392,833.46934,7751.264862,1056.64003,48904.14052,39989.023211,22029.7824,2205.0,0.0,37784.023211,13209.7824,10800,26984.023211,-26390.2176,3000.0,180.0,-34790.2176,23984.023211,4125.46639,1350,5475.46639,4770.267198,6120.267198,45975.778262,1959.14136,180.0,0.0,0.0,0.0,12.24211,-211.695908,3066.824313,109.284007,49.154627,4484.302867
D,favorevole,12,65.0,57.637479,303.05484,541.10968,476.10968,1082.21936,865.775488,17.31551,61.81637,944.907368,5480.462733,1095.999259,51710.984246,45069.589092,33584.034844,1300.0,0.0,43769.589092,29359.034844,5400,38369.589092,9559.034844,3000.0,180.0,1159.034844,35369.589092,3323.417916,1350,4673.417916,3947.06914,5297.06914,26557.279345,1140.351808,180.0,0.0,0.0,0.0,31.016384,4389.213491,8221.752019,127.751284,106.274958,10156.134512
D,favorevole,24,212.0,166.853666,1671.731452,3131.462905,2919.462905,6262.925809,5010.340647,100.206813,357.738322,5468.285782,31716.057538,6342.671643,299257.313031,241850.396377,192875.480207,4240.0,0.0,235472.461433,178790.060929,10800,224672.461433,139190.060929,3000.0,180.0,130790.060929,221672.461433,3323.417916,1350,4673.417916,3947.06914,5297.06914,29459.663759,3029.41335,180.0,0.0,603.152768,21110.346868,73.173396,16719.368216,21519.368216,160.0,318.707333,30457.170652
E,prudente,12,14.0,10.35626,55.903005,27.951502,20.951502,27.951502,27.951502,2.23612,7.546906,37.734528,491.303557,111.654792,4708.011303,4096.108473,2636.312584,1050.0,0.0,3046.108473,-513.687416,7800,-4753.891527,-22713.687416,5000.0,300.0,-36713.687416,-9753.891527,9753.891527,1950,11703.891527,10626.069892,12576.069892,43921.566749,898.659863,300.0,0.0,0.0,0.0,-10.853819,-1793.805583,-41.179139,58.420881,5.17813,872.178365
E,prudente,24,41.5,22.684911,257.873522,128.936761,108.186761,128.936761,128.936761,10.314941,34.812926,174.064628,2266.321452,515.049497,21717.463381,18894.832667,12853.385149,3112.5,0.0,15782.332667,3515.885149,15600,182.332667,-40884.114851,5000.0,300.0,-54884.114851,-4817.667333,9753.891527,1950,11703.891527,10680.072021,12630.072021,63319.93289,1668.881584,300.0,0.0,0.0,0.0,-2.886764,-1374.777233,787.162113,72.064645,11.342456,1910.4665
E,centrale,12,24.5,19.777108,114.234948,114.234948,89.734948,114.234948,114.234948,4.569398,17.820652,136.624998,1270.612484,291.462474,12421.565585,10836.643637,7961.764015,1225.0,0.0,9611.643637,3796.764015,7800,1811.643637,-18403.235985,5000.0,300.0,-32403.235985,-3188.356363,6902.930539,1950,8852.930539,7779.248117,9729.248117,40448.169465,973.829321,300.0,0.0,0.0,0.0,-3.27404,-955.533248,1076.111245,67.721483,19.777108,2150.50339
E,centrale,24,73.5,49.154627,536.062092,536.062092,462.562092,536.062092,536.062092,21.442484,83.625686,641.130262,5962.511432,1367.724902,58289.78365,50852.334898,38232.451931,3675.0,0.0,47177.334898,25737.451931,15600,31577.334898,-18662.548069,5000.0,300.0,-32662.548069,26577.334898,6902.930539,1950,8852.930539,7779.248117,9729.248117,45980.665859,1974.662766,300.0,0.0,0.0,0.0,13.459177,842.286577,3762.944053,97.355249,49.154627,5344.92665
E,favorevole,12,37.0,32.80313,172.698788,293.587939,230.687939,293.587939,293.587939,5.871759,20.962179,320.421877,1858.446885,566.591944,24222.402108,21762.132726,17540.305716,1295.0,0.0,20467.132726,14025.305716,7800,12667.132726,-8174.694284,5000.0,300.0,-22174.694284,7667.132726,6155.828407,1950,8105.828407,6970.810836,8920.810836,32881.659455,994.727567,300.0,0.0,0.0,0.0,7.707771,1037.098075,3308.590539,75.716415,55.765321,4600.904399
E,favorevole,24,123.0,97.129841,959.468466,1631.096392,1421.996392,1631.096392,1631.096392,32.621928,116.460282,1780.178603,10325.035895,3147.83393,134573.214469,120904.613076,98687.69887,4305.0,0.0,116599.613076,87002.69887,15600,100999.613076,42602.69887,5000.0,300.0,28602.69887,95999.613076,6155.828407,1950,8105.828407,6970.810836,8920.810836,37879.110128,2246.563807,300.0,0.0,0.0,0.0,42.731755,7337.223564,11274.532919,131.243645,165.12073,13623.246016
