model,case,operating_economic_24,project_economic_24,operating_economic_exit_month,cash_required,founder_earnings_hour
B,centrale,-44278.024674,-49878.024674,-2002.404626,5901.32137,-3.101372
B,domanda -50%,-39779.012337,-45379.012337,-1736.202313,7576.615041,-5.084697
B,domanda +50%,-48777.037011,-54377.037011,-2268.606938,5184.306519,-1.610151
B,prezzo -20%,-46504.517312,-52104.517312,-2178.345344,7899.72272,-4.578976
B,prezzo +20%,-42051.532036,-47651.532036,-1826.463908,4954.259289,-1.623769
B,provider 20 euro/successo,-48848.309687,-54448.309687,-2363.555259,10243.515095,-6.134426
B,minimo provider 250 euro/mese,-46139.674701,-51739.674701,-2002.404626,7762.971397,-4.33685
B,minimo provider 500 euro/mese,-51555.396828,-57155.396828,-2129.215638,12950.602236,-7.930974
B,minimo provider 1000 euro/mese,-63555.396828,-69155.396828,-2629.215638,24950.602236,-15.894731
B,gestione founder20h/mese,-29878.024674,-35478.024674,-1402.404626,5901.32137,-4.551139
B,setup cash +5000 euro,-44278.024674,-54878.024674,-2002.404626,10901.32137,-6.419604
B,tempo manuale +50%,-45424.417236,-51024.417236,-2092.994249,5901.32137,-3.024667
B,riacquisto/frequenza -50%,-44362.881992,-49962.881992,-2009.866173,7801.297196,-4.727327
D,centrale,-26390.2176,-34790.2176,-211.695908,5475.46639,12.24211
D,prezzo D79 / B-E invariati,-36083.453158,-44483.453158,-1100.524615,5850.867179,7.294414
D,prezzo D129 / B-E invariati,-11850.364263,-20250.364263,1121.547153,5139.982657,19.663653
D,domanda -50%,-32995.1088,-41395.1088,-930.847954,6378.22838,3.286079
D,domanda +50%,-19785.3264,-28185.3264,507.456138,5124.321549,18.100991
D,prezzo -20%,-35986.520803,-44386.520803,-1091.636328,5846.16664,7.343891
D,prezzo +20%,-16793.914397,-25193.914397,668.244512,5245.692981,17.140328
D,provider 20 euro/successo,-33891.44166,-42291.44166,-899.526431,5744.570024,8.413277
D,minimo provider 250 euro/mese,-27779.750118,-36179.750118,-211.695908,6504.931486,11.532854
D,minimo provider 500 euro/mese,-31333.483592,-39733.483592,-211.695908,8141.210779,9.71893
D,minimo provider 1000 euro/mese,-42638.952739,-51038.952739,-500.937701,12570.59528,3.948305
D,gestione founder20h/mese,-11990.2176,-20390.2176,388.304092,5475.46639,16.214828
D,setup cash +5000 euro,-26390.2176,-39790.2176,-211.695908,10475.46639,9.689971
D,tempo manuale +50%,-30812.729856,-39212.729856,-617.221579,5475.46639,11.385406
D,riacquisto/frequenza -50%,-36227.813546,-44627.813546,-1150.759841,6080.878196,3.931739
E,centrale,-18662.548069,-32662.548069,842.286577,8852.930539,13.459177
E,domanda -50%,-31531.274035,-45531.274035,-503.856711,10297.645587,1.8479
E,domanda +50%,-5793.822104,-19793.822104,2188.429866,8308.899888,21.512062
E,prezzo -20%,-30100.566028,-44100.566028,-206.531297,9421.545294,7.666786
E,prezzo +20%,-7224.530111,-21224.530111,1891.104452,8478.015255,19.251567
E,provider 20 euro/successo,-24432.720423,-38432.720423,313.186175,9113.831896,10.537071
E,minimo provider 250 euro/mese,-20397.735409,-34397.735409,842.286577,10044.879175,12.580451
E,minimo provider 500 euro/mese,-24763.745386,-38763.745386,842.286577,11783.368005,10.369435
E,minimo provider 1000 euro/mese,-36700.036637,-50700.036637,389.02366,16243.882487,4.324711
E,gestione founder20h/mese,-4262.548069,-18262.548069,1442.286577,8852.930539,17.781493
E,setup cash +5000 euro,-18662.548069,-37662.548069,842.286577,13852.930539,10.927099
E,tempo manuale +50%,-20431.552971,-34431.552971,680.076309,8852.930539,13.068916
E,riacquisto/frequenza -50%,-20679.531275,-34679.531275,657.337747,9141.902666,11.052139
