offer,scenario,month,new_installed_customers,cumulative_installed_customers,retained_subscription_customers,new_subscribers,active_subscribers,subscriber_months,serviced_customer_months,first_month_nonmaintenance_warranty_customers,new_partners,active_enabled_partners,candidate_entries_supported,exception_entries,exception_hours,customer_support_hours,installation_hours,sales_hours,partner_enable_hours,partner_sales_hours,partner_support_hours,gross_setup_revenue_net_vat,gross_monthly_revenue_net_vat,discounts,refunds,setup_revenue_net,monthly_revenue_net,revenue_net,partner_revenue_share,payment_cost,tool_cost,customer_cac_cash,partner_cac_cash,contribution_cash_before_acquisition,contribution_economic_before_acquisition,contribution_cash_after_acquisition,contribution_economic_after_acquisition,fixed_cash,founder_delivery_hours,founder_acquisition_hours,founder_startup_hours,founder_operating_hours,founder_total_hours,founder_operating_cost,contractor_delivery_hours,contractor_acquisition_hours,contractor_startup_hours,contractor_cash,contractor_startup_cash,operating_cash,operating_economic,startup_economic_cost_month,cumulative_cash,cashflow_30d,cumulative_cash_30d,cumulative_project_economic
F,prudente,1,0.0,0.0,0,0.0,0.0,0.0,0.0,0.0,0,0,0.0,0.0,0.0,0.0,0.0,0.0,0,0,0.0,0.0,0.0,0.0,0.0,0.0,0.0,0.0,0.0,0.0,0.0,0.0,0,0.0,0.0,0.0,0.0,250,0.0,0.0,33.333333,12.0,45.333333,360.0,0.0,0.0,0.0,0.0,0.0,-250.0,-610.0,1000.0,-3250.0,-250.0,-3250.0,-4610.0
F,prudente,2,0.0,0.0,0.0,0.0,0.0,0.0,0.0,0.0,0,0,0.0,0.0,0.0,0.0,0.0,0.0,0,0,0.0,0.0,0.0,0.0,0.0,0.0,0.0,0.0,0.0,0.0,0.0,0.0,0,0.0,0.0,0.0,0.0,250,0.0,0.0,33.333333,12.0,45.333333,360.0,0.0,0.0,0.0,0.0,0.0,-250.0,-610.0,1000.0,-3500.0,-250.0,-3500.0,-6220.0
F,prudente,3,0.0,0.0,0.0,0.0,0.0,0.0,0.0,0.0,0,0,0.0,0.0,0.0,0.0,0.0,0.0,0,0,0.0,0.0,0.0,0.0,0.0,0.0,0.0,0.0,0.0,0.0,0.0,0.0,0,0.0,0.0,0.0,0.0,250,0.0,0.0,33.333333,12.0,45.333333,360.0,0.0,0.0,0.0,0.0,0.0,-250.0,-610.0,1000.0,-3750.0,-250.0,-3750.0,-7830.0
F,prudente,4,0.333333,0.333333,0.0,0.333333,0.333333,0.333333,0.333333,0.0,0,0,33.333333,1.666667,0.111111,0.083333,0.666667,1.0,0,0,0.0,49.666667,16.333333,6.6,2.97,42.465,13.965,56.43,0.0,1.253687,1.0,13.333333,0,54.176313,28.34298,40.84298,-14.990353,250,0.861111,1.0,0.0,13.861111,13.861111,415.833333,0.0,0.0,0.0,0.0,0.0,-209.15702,-624.990353,0.0,-3959.15702,-265.58702,-4015.58702,-8454.990353
F,prudente,5,0.666667,1.0,0.306667,0.666667,0.973333,0.973333,0.973333,0.0,0,0,97.333333,4.866667,0.324444,0.243333,1.333333,2.0,0,0,0.0,99.333333,47.693333,14.702667,6.6162,84.93,40.7778,125.7078,0.0,2.831529,2.92,26.666667,0,119.956271,62.922937,93.289604,-23.743729,250,1.901111,2.0,0.0,15.901111,15.901111,477.033333,0.0,0.0,0.0,0.0,0.0,-156.710396,-633.743729,0.0,-4115.867416,-225.988196,-4241.575216,-9088.734083
F,prudente,6,1.0,2.0,0.895467,1.0,1.895467,1.895467,1.895467,0.0,0,0,189.546667,9.477333,0.631822,0.473867,2.0,3.0,0,0,0.0,149.0,92.877867,24.187787,10.884504,127.395,79.410576,206.805576,0.0,4.707595,5.6864,40.0,0,196.411581,103.240914,156.411581,-26.759086,250,3.105689,3.0,0.0,18.105689,18.105689,543.170667,0.0,0.0,0.0,0.0,0.0,-93.588419,-636.759086,0.0,-4209.455835,-174.686195,-4416.261411,-9725.493168
F,prudente,7,1.0,3.0,1.743829,1.0,2.743829,2.743829,2.743829,0.0,0,0,274.382933,13.719147,0.91461,0.685957,2.0,3.0,0,0,0.0,149.0,134.447637,28.344764,12.755144,127.395,114.95273,242.34773,0.0,5.60434,8.231488,40.0,0,228.511902,120.494889,188.511902,-9.505111,250,3.600567,3.0,0.0,18.600567,18.600567,558.017013,0.0,0.0,0.0,0.0,0.0,-61.488098,-619.505111,0.0,-4270.943933,-97.030252,-4513.291663,-10344.99828
F,prudente,8,1.0,4.0,2.524323,1.0,3.524323,3.524323,3.524323,0.0,0,0,352.432299,17.621615,1.174774,0.881081,2.0,3.0,0,0,0.0,149.0,172.691826,32.169183,14.476132,127.395,147.651512,275.046512,0.0,6.429345,10.572969,40.0,0,258.044197,136.368545,218.044197,6.368545,250,4.055855,3.0,0.0,19.055855,19.055855,571.675652,0.0,0.0,0.0,0.0,0.0,-31.955803,-603.631455,0.0,-4302.899736,-64.654584,-4577.946247,-10948.629734
F,prudente,9,1.0,5.0,3.242377,1.0,4.242377,4.242377,4.242377,0.0,0,0,424.237715,21.211886,1.414126,1.060594,2.0,3.0,0,0,0.0,149.0,207.87648,35.687648,16.059442,127.395,177.734391,305.129391,0.0,7.18835,12.727131,40.0,0,285.213909,150.972309,245.213909,20.972309,250,4.47472,3.0,0.0,19.47472,19.47472,584.2416,0.0,0.0,0.0,0.0,0.0,-4.786091,-589.027691,0.0,-4307.685826,-34.86897,-4612.815217,-11537.657425
F,prudente,10,1.0,6.0,3.902987,1.0,4.902987,4.902987,4.902987,0.0,0,0,490.298698,24.514935,1.634329,1.225747,2.0,3.0,0,0,0.0,149.0,240.246362,38.924636,17.516086,127.395,205.410639,332.805639,0.0,7.886634,14.708961,40.0,0,310.210044,164.407772,270.210044,34.407772,250,4.860076,3.0,0.0,19.860076,19.860076,595.802272,0.0,0.0,0.0,0.0,0.0,20.210044,-575.592228,0.0,-4287.475782,-7.466205,-4620.281422,-12113.249653
F,prudente,11,1.0,7.0,4.510748,1.0,5.510748,5.510748,5.510748,0.0,0,0,551.074802,27.55374,1.836916,1.377687,2.0,3.0,0,0,0.0,149.0,270.026653,41.902665,18.856199,127.395,230.872788,358.267788,0.0,8.529056,16.532244,40.0,0,333.206488,176.768398,293.206488,46.768398,250,5.214603,3.0,0.0,20.214603,20.214603,606.43809,0.0,0.0,0.0,0.0,0.0,43.206488,-563.231602,0.0,-4244.269294,17.744339,-4602.537082,-12676.481255
F,prudente,12,1.0,8.0,5.069888,1.0,6.069888,6.069888,6.069888,0.0,0,0,606.988818,30.349441,2.023296,1.517472,2.0,3.0,0,0,0.0,149.0,297.424521,44.642452,20.089103,127.395,254.297965,381.692965,0.0,9.120084,18.209665,40.0,0,354.363217,188.140174,314.363217,58.140174,250,5.540768,3.0,0.0,20.540768,20.540768,616.223043,0.0,0.0,0.0,0.0,0.0,64.363217,-551.859826,0.0,-4179.906077,40.93804,-4561.599042,-13228.341082
F,prudente,13,1.166667,9.166667,5.584297,1.166667,6.750964,6.750964,6.750964,0.0,0,0,675.096379,33.754819,2.250321,1.687741,2.333333,3.5,0,0,0.0,173.833333,330.797226,50.463056,22.708375,148.6275,282.831628,431.459128,0.0,10.290673,20.252891,46.666667,0,400.915564,212.773697,354.248897,61.107031,250,6.271396,3.5,0.0,21.771396,21.771396,653.141866,0.0,0.0,0.0,0.0,0.0,104.248897,-548.892969,0.0,-4075.65718,54.482734,-4507.116308,-13777.234051
F,prudente,14,1.333333,10.5,6.210887,1.333333,7.54422,7.54422,7.54422,0.0,0,0,754.422002,37.7211,2.51474,1.886055,2.666667,4.0,0,0,0.0,198.666667,369.666781,56.833345,25.575005,169.86,316.065098,485.925098,0.0,11.57984,22.63266,53.333333,0,451.712597,239.688747,398.379264,66.355414,250,7.067462,4.0,0.0,23.067462,23.067462,692.02385,0.0,0.0,0.0,0.0,0.0,148.379264,-543.644586,0.0,-3927.277916,93.913294,-4413.203014,-14320.878637
F,prudente,15,1.5,12.0,6.940682,1.5,8.440682,8.440682,8.440682,0.0,0,0,844.068242,42.203412,2.813561,2.110171,3.0,4.5,0,0,0.0,223.5,413.593438,63.709344,28.669205,191.0925,353.62239,544.71489,0.0,12.9781,25.322047,60.0,0,506.414743,268.702801,446.414743,73.702801,250,7.923731,4.5,0.0,24.423731,24.423731,732.711942,0.0,0.0,0.0,0.0,0.0,196.414743,-536.297199,0.0,-3730.863173,137.624951,-4275.578063,-14857.175837
F,prudente,16,1.666667,13.666667,7.765428,1.666667,9.432094,9.432094,9.432094,0.0,0,0,943.209449,47.160472,3.144031,2.358024,3.333333,5.0,0,0,0.0,248.333333,462.17263,71.050596,31.972768,212.325,395.157599,607.482599,0.0,14.476724,28.296283,66.666667,0,564.709592,299.647938,498.042925,82.981271,250,8.835388,5.0,0.0,25.835388,25.835388,775.061654,0.0,0.0,0.0,0.0,0.0,248.042925,-527.018729,0.0,-3482.820248,185.275216,-4090.302847,-15384.194565
F,prudente,17,1.833333,15.5,8.677527,1.833333,10.51086,10.51086,10.51086,0.0,0,0,1051.086026,52.554301,3.50362,2.627715,3.666667,5.5,0,0,0.0,273.166667,515.032153,78.819882,35.468947,233.5575,440.352491,673.909991,0.0,16.067683,31.532581,73.333333,0,626.309727,332.369672,552.976394,94.036339,250,9.798002,5.5,0.0,27.298002,27.298002,818.940055,0.0,0.0,0.0,0.0,0.0,302.976394,-515.963661,0.0,-3179.843854,236.549002,-3853.753845,-15900.158226
F,prudente,18,2.0,17.5,9.669991,2.0,11.669991,11.669991,11.669991,0.0,0,0,1166.999144,58.349957,3.889997,2.917498,4.0,6.0,0,0,0.0,298.0,571.829581,86.982958,39.142331,254.79,488.914292,743.704292,0.0,17.743591,35.009974,80.0,0,690.950726,366.725876,610.950726,106.725876,250,10.807495,6.0,0.0,28.807495,28.807495,864.22485,0.0,0.0,0.0,0.0,0.0,360.950726,-503.274124,0.0,-2818.893128,291.156425,-3562.59742,-16403.43235
F,prudente,19,2.0,19.5,10.736392,2.0,12.736392,12.736392,12.736392,0.0,0,0,1273.639213,63.681961,4.245464,3.184098,4.0,6.0,0,0,0.0,298.0,624.083214,92.208321,41.493745,254.79,533.591148,788.381148,0.0,18.870809,38.209176,80.0,0,731.301163,388.414301,651.301163,128.414301,250,11.429562,6.0,0.0,29.429562,29.429562,882.886862,0.0,0.0,0.0,0.0,0.0,401.301163,-481.585699,0.0,-2417.591965,356.624307,-3205.973113,-16885.018049
F,prudente,20,2.0,21.5,11.717481,2.0,13.717481,13.717481,13.717481,0.0,0,0,1371.748076,68.587404,4.572494,3.42937,4.0,6.0,0,0,0.0,298.0,672.156557,97.015656,43.657045,254.79,574.693856,829.483856,0.0,19.907849,41.152442,80.0,0,768.423565,408.367652,688.423565,148.367652,250,12.001864,6.0,0.0,30.001864,30.001864,900.055913,0.0,0.0,0.0,0.0,0.0,438.423565,-461.632348,0.0,-1979.1684,397.320857,-2808.652256,-17346.650397
F,prudente,21,2.0,23.5,12.620082,2.0,14.620082,14.620082,14.620082,0.0,0,0,1462.00823,73.100411,4.873361,3.655021,4.0,6.0,0,0,0.0,298.0,716.384033,101.438403,45.647281,254.79,612.508348,867.298348,0.0,20.861926,43.860247,80.0,0,802.576175,426.724735,722.576175,166.724735,250,12.528381,6.0,0.0,30.528381,30.528381,915.85144,0.0,0.0,0.0,0.0,0.0,472.576175,-443.275265,0.0,-1506.592224,434.761684,-2373.890572,-17789.925662
F,prudente,22,2.0,25.5,13.450476,2.0,15.450476,15.450476,15.450476,0.0,0,0,1545.047571,77.252379,5.150159,3.862619,4.0,6.0,0,0,0.0,298.0,757.07331,105.507331,47.478299,254.79,647.29768,902.08768,0.0,21.739676,46.351427,80.0,0,833.996577,443.613252,753.996577,183.613252,250,13.012777,6.0,0.0,31.012777,31.012777,930.383325,0.0,0.0,0.0,0.0,0.0,503.996577,-426.386748,0.0,-1002.595648,469.207244,-1904.683328,-18216.31241
F,prudente,23,2.0,27.5,14.214438,2.0,16.214438,16.214438,16.214438,0.0,0,0,1621.443766,81.072188,5.404813,4.053609,4.0,6.0,0,0,0.0,298.0,794.507445,109.250745,49.162835,254.79,679.303866,934.093866,0.0,22.547207,48.643313,80.0,0,862.903346,459.150687,782.903346,199.150687,250,13.458422,6.0,0.0,31.458422,31.458422,943.752659,0.0,0.0,0.0,0.0,0.0,532.903346,-410.849313,0.0,-469.692302,500.89716,-1403.786168,-18627.161724
F,prudente,24,2.0,29.5,14.917283,2.0,16.917283,16.917283,16.917283,0.0,0,0,1691.728264,84.586413,5.639094,4.229321,4.0,6.0,0,0,0.0,298.0,828.94685,112.694685,50.712608,254.79,708.749556,963.539556,0.0,23.290135,50.751848,80.0,0,889.497573,473.445127,809.497573,213.445127,250,13.868415,6.0,0.0,31.868415,31.868415,956.052446,0.0,0.0,0.0,0.0,0.0,559.497573,-396.554873,0.0,89.805271,530.051882,-873.734285,-19023.716597
F,centrale,1,1.0,1.0,0,1.0,1.0,1.0,1.0,0.0,0,0,100.0,5.0,0.333333,0.25,2.0,3.0,0,0,0.0,149.0,49.0,9.9,5.643,137.3035,45.1535,182.457,0.0,3.94223,3.0,40.0,0,175.51477,98.01477,135.51477,-31.98523,250,2.583333,3.0,33.333333,17.583333,50.916667,527.5,0.0,0.0,0.0,0.0,0.0,-114.48523,-641.98523,1000.0,-3114.48523,-296.94223,-3296.94223,-4641.98523
F,centrale,2,1.2,2.2,0.95,1.2,2.15,2.15,2.15,0.0,0,0,215.0,10.75,0.716667,0.5375,2.4,3.6,0,0,0.0,178.8,105.35,14.2075,8.098275,164.7642,97.080025,261.844225,0.0,5.777448,6.45,48.0,0,249.616777,139.991777,201.616777,-16.008223,250,3.654167,3.6,33.333333,19.254167,52.5875,577.625,0.0,0.0,0.0,0.0,0.0,-48.383223,-626.008223,1000.0,-3162.868453,-127.770448,-3424.712678,-6267.993453
F,centrale,3,1.4,3.6,2.0425,1.4,3.4425,3.4425,3.4425,0.0,0,0,344.25,17.2125,1.1475,0.860625,2.8,4.2,0,0,0.0,208.6,168.6825,18.864125,10.752551,192.2249,155.440924,347.665824,0.0,7.769681,10.3275,56.0,0,329.568642,185.324892,273.568642,3.324892,250,4.808125,4.2,33.333333,21.008125,54.341458,630.24375,0.0,0.0,0.0,0.0,0.0,23.568642,-606.675108,1000.0,-3139.29981,-62.252956,-3486.965634,-7874.66856
F,centrale,4,1.6,5.2,3.270375,1.6,4.870375,4.870375,4.870375,0.0,0,0,487.0375,24.351875,1.623458,1.217594,3.2,4.8,0,0,0.0,238.4,238.648375,23.852419,13.595879,219.6856,219.914478,439.600078,0.0,9.91108,14.611125,64.0,0,415.077873,233.84631,351.077873,25.84631,250,6.041052,4.8,0.0,22.841052,22.841052,685.231562,0.0,0.0,0.0,0.0,0.0,101.077873,-584.15369,0.0,-3038.221937,9.143619,-3477.822015,-8458.82225
F,centrale,5,1.8,7.0,4.626856,1.8,6.426856,6.426856,6.426856,0.0,0,0,642.685625,32.134281,2.142285,1.606714,3.6,5.4,0,0,0.0,268.2,314.915956,29.155798,16.618805,247.1463,290.195054,537.341354,0.0,12.194185,19.280569,72.0,0,505.8666,285.396616,433.8666,51.396616,250,7.348999,5.4,0.0,24.748999,24.748999,742.469984,0.0,0.0,0.0,0.0,0.0,183.8666,-558.603384,0.0,-2854.355337,86.125324,-3391.696691,-9017.425634
F,centrale,6,2.0,9.0,6.105513,2.0,8.105513,8.105513,8.105513,0.0,0,0,810.551344,40.527567,2.701838,2.026378,4.0,6.0,0,0,0.0,298.0,397.170158,34.758508,19.81235,274.607,365.992301,640.599301,0.0,14.611912,24.31654,80.0,0,601.670849,339.824364,521.670849,79.824364,250,8.728216,6.0,0.0,26.728216,26.728216,801.846485,0.0,0.0,0.0,0.0,0.0,271.670849,-530.175636,0.0,-2582.684488,168.412902,-3223.283789,-9547.60127
F,centrale,7,2.166667,11.166667,7.700238,2.166667,9.866904,9.866904,9.866904,0.0,0,0,986.690443,49.334522,3.288968,2.466726,4.333333,6.5,0,0,0.0,322.833333,483.478317,40.315583,22.979882,297.490917,445.525269,743.016186,0.0,17.026121,29.600713,86.666667,0,696.389352,393.718524,609.722685,112.051858,250,10.089028,6.5,0.0,28.589028,28.589028,857.670828,0.0,0.0,0.0,0.0,0.0,359.722685,-497.948142,0.0,-2222.961803,257.3058,-2965.977989,-10045.549413
F,centrale,8,2.333333,13.5,9.373559,2.333333,11.706893,11.706893,11.706893,0.0,0,0,1170.689254,58.534463,3.902298,2.926723,4.666667,7.0,0,0,0.0,347.666667,573.637735,46.06522,26.257175,320.374833,528.607172,848.982006,0.0,19.526933,35.120678,93.333333,0,794.334395,449.463775,701.001061,146.130442,250,11.495687,7.0,0.0,30.495687,30.495687,914.87062,0.0,0.0,0.0,0.0,0.0,451.001061,-463.869558,0.0,-1771.960742,345.035241,-2620.942748,-10509.418971
F,centrale,9,2.5,16.0,11.121548,2.5,13.621548,13.621548,13.621548,0.0,0,0,1362.154792,68.10774,4.540516,3.405387,5.0,7.5,0,0,0.0,372.5,667.455848,51.997792,29.638742,343.25875,615.060564,958.319314,0.0,22.110019,40.864644,100.0,0,895.344651,506.967562,795.344651,181.967562,250,12.945903,7.5,0.0,32.445903,32.445903,973.377089,0.0,0.0,0.0,0.0,0.0,545.344651,-428.032438,0.0,-1226.616091,436.007343,-2184.935405,-10937.451409
F,centrale,10,2.666667,18.666667,12.940471,2.666667,15.607137,15.607137,15.607137,0.0,0,0,1560.713719,78.035686,5.202379,3.901784,5.333333,8.0,0,0,0.0,397.333333,764.749722,58.104153,33.119367,366.142667,704.716869,1070.859536,0.0,24.771265,46.821412,106.666667,0,999.266859,566.141958,892.600193,219.475292,250,14.437497,8.0,0.0,34.437497,34.437497,1033.124901,0.0,0.0,0.0,0.0,0.0,642.600193,-390.524708,0.0,-584.015899,530.059971,-1654.875434,-11327.976117
F,centrale,11,2.833333,21.5,14.82678,2.833333,17.660114,17.660114,17.660114,0.0,0,0,1766.011366,88.300568,5.886705,4.415028,5.666667,8.5,0,0,0.0,422.166667,865.345569,64.375612,36.694099,389.026583,797.415942,1186.442526,0.0,27.506762,52.980341,113.333333,0,1105.955423,626.903434,992.622089,258.5701,250,15.9684,8.5,0.0,36.4684,36.4684,1094.051989,0.0,0.0,0.0,0.0,0.0,742.622089,-351.4299,0.0,158.606191,627.039099,-1027.836335,-11679.406017
F,centrale,12,3.0,24.5,16.777108,3.0,19.777108,19.777108,19.777108,0.0,0,0,1977.710798,98.88554,6.592369,4.944277,6.0,9.0,0,0,0.0,447.0,969.078291,70.803915,40.358231,411.9105,893.005645,1304.916145,0.0,30.312798,59.331324,120.0,0,1215.272023,689.172633,1095.272023,299.172633,250,17.536646,9.0,0.0,38.536646,38.536646,1156.09939,0.0,0.0,0.0,0.0,0.0,845.272023,-310.827367,0.0,1003.878214,726.798404,-301.037931,-11990.233383
F,centrale,13,3.166667,27.666667,18.788253,3.166667,21.954919,21.954919,21.954919,0.0,0,0,2195.491925,109.774596,7.318306,5.48873,6.333333,9.5,0,0,0.0,471.833333,1075.791043,77.381219,44.107295,434.794417,991.341446,1426.135863,0.0,33.185846,65.864758,126.666667,0,1327.085259,752.874172,1200.418592,341.207505,250,19.14037,9.5,0.0,40.64037,40.64037,1219.211087,0.0,0.0,0.0,0.0,0.0,950.418592,-268.792495,0.0,1954.296806,829.198874,528.160943,-12259.025878
F,centrale,14,3.333333,31.0,20.857173,3.333333,24.190507,24.190507,24.190507,0.0,0,0,2419.050662,120.952533,8.063502,6.047627,6.666667,10.0,0,0,0.0,496.666667,1185.334824,84.100075,47.937042,457.678333,1092.286041,1549.964374,0.0,36.122556,72.57152,133.333333,0,1441.270298,817.936432,1307.936965,384.603099,250,20.777796,10.0,0.0,42.777796,42.777796,1283.333866,0.0,0.0,0.0,0.0,0.0,1057.936965,-225.396901,0.0,3012.233771,934.108454,1462.269397,-12484.422779
F,centrale,15,3.5,34.5,22.980981,3.5,26.480981,26.480981,26.480981,0.0,0,0,2648.098129,132.404906,8.826994,6.620245,7.0,10.5,0,0,0.0,521.5,1297.568083,90.953404,51.84344,480.56225,1195.708989,1676.271239,0.0,39.119744,79.442944,140.0,0,1557.708551,884.291378,1417.708551,429.291378,250,22.447239,10.5,0.0,44.947239,44.947239,1348.417173,0.0,0.0,0.0,0.0,0.0,1167.708551,-180.708622,0.0,4179.942321,1041.401686,2503.671083,-12665.131401
F,centrale,16,3.666667,38.166667,25.156932,3.666667,28.823599,28.823599,28.823599,0.0,0,0,2882.359889,144.117994,9.607866,7.2059,7.333333,11.0,0,0,0.0,546.333333,1412.356346,97.934484,55.822656,503.446167,1301.486372,1804.932539,0.0,42.174386,86.470797,146.666667,0,1676.287356,951.874375,1529.620689,475.207709,250,24.147099,11.0,0.0,47.147099,47.147099,1414.412981,0.0,0.0,0.0,0.0,0.0,1279.620689,-134.792291,0.0,5459.563011,1150.959389,3654.630472,-12799.923692
F,centrale,17,3.833333,42.0,27.382419,3.833333,31.215752,31.215752,31.215752,0.0,0,0,3121.575228,156.078761,10.405251,7.803938,7.666667,11.5,0,0,0.0,571.166667,1529.571862,105.036926,59.871048,526.330083,1409.50047,1935.830554,0.0,45.283611,93.647257,153.333333,0,1796.899686,1020.624021,1643.566353,522.290688,250,25.875855,11.5,0.0,49.375855,49.375855,1481.275665,0.0,0.0,0.0,0.0,0.0,1393.566353,-87.709312,0.0,6853.129364,1262.668338,4917.29881,-12887.633004
F,centrale,18,4.0,46.0,29.654965,4.0,33.654965,33.654965,33.654965,0.0,0,0,3365.496466,168.274823,11.218322,8.413741,8.0,12.0,0,0,0.0,596.0,1649.093269,112.254663,63.985158,549.214,1519.639447,2068.853447,0.0,48.444688,100.964894,160.0,0,1919.443865,1090.481984,1759.443865,570.481984,250,27.632063,12.0,0.0,51.632063,51.632063,1548.961882,0.0,0.0,0.0,0.0,0.0,1509.443865,-39.518016,0.0,8362.573229,1376.420972,6293.719782,-12927.15102
F,centrale,19,4.166667,50.166667,31.972216,4.166667,36.138883,36.138883,36.138883,0.0,0,0,3613.88831,180.694415,12.046294,9.034721,8.333333,12.5,0,0,0.0,620.833333,1770.805272,119.58193,68.1617,572.097917,1631.797058,2203.894975,0.0,51.655025,108.416649,166.666667,0,2043.823301,1161.392847,1877.156634,619.72618,250,29.414348,12.5,0.0,53.914348,53.914348,1617.430454,0.0,0.0,0.0,0.0,0.0,1627.156634,9.72618,0.0,9989.729863,1492.115106,7785.834888,-12917.42484
F,centrale,20,4.333333,54.5,34.331939,4.333333,38.665272,38.665272,38.665272,0.0,0,0,3866.527228,193.326361,12.888424,9.666318,8.666667,13.0,0,0,0.0,645.666667,1894.598342,127.01325,72.397553,594.981833,1745.872372,2340.854205,0.0,54.912159,115.995817,173.333333,0,2169.94623,1233.303965,1996.612896,669.970631,250,31.221409,13.0,0.0,56.221409,56.221409,1686.642265,0.0,0.0,0.0,0.0,0.0,1746.612896,59.970631,0.0,11736.342759,1609.653666,9395.488554,-12857.454209
F,centrale,21,4.5,59.0,36.732009,4.5,41.232009,41.232009,41.232009,0.0,0,0,4123.200866,206.160043,13.744003,10.308002,9.0,13.5,0,0,0.0,670.5,2020.368424,134.543421,76.68975,617.86575,1861.769503,2479.635253,0.0,58.21375,123.696026,180.0,0,2297.725477,1306.165326,2117.725477,721.165326,250,33.052005,13.5,0.0,58.552005,58.552005,1756.560152,0.0,0.0,0.0,0.0,0.0,1867.725477,111.165326,0.0,13604.068237,1728.944429,11124.432984,-12746.288883
F,centrale,22,4.666667,63.666667,39.170408,4.666667,43.837075,43.837075,43.837075,0.0,0,0,4383.70749,219.185374,14.612358,10.959269,9.333333,14.0,0,0,0.0,695.333333,2148.01667,142.1675,81.035475,640.749667,1979.397361,2620.147028,0.0,61.557575,131.511225,186.666667,0,2427.078228,1379.929417,2240.411561,773.262751,250,34.90496,14.0,0.0,60.90496,60.90496,1827.148811,0.0,0.0,0.0,0.0,0.0,1990.411561,163.262751,0.0,15594.479798,1849.899787,12974.33277,-12583.026132
F,centrale,23,4.833333,68.5,41.645221,4.833333,46.478554,46.478554,46.478554,0.0,0,0,4647.855448,232.392772,15.492851,11.619639,9.666667,14.5,0,0,0.0,720.166667,2277.44917,149.880792,85.432051,663.633583,2098.66941,2762.302993,0.0,64.941523,139.435663,193.333333,0,2557.925807,1454.551103,2364.592473,826.21777,250,36.779157,14.5,0.0,63.279157,63.279157,1898.374703,0.0,0.0,0.0,0.0,0.0,2114.592473,216.21777,0.0,17709.072271,1972.436508,14946.769278,-12366.808363
F,centrale,24,5.0,73.5,44.154627,5.0,49.154627,49.154627,49.154627,0.0,0,0,4915.462676,245.773134,16.384876,12.288657,10.0,15.0,0,0,0.0,745.0,2408.576711,157.678836,89.876936,686.5175,2219.503439,2906.020939,0.0,68.363588,147.46388,200.0,0,2690.193471,1529.987503,2490.193471,879.987503,250,38.673532,15.0,0.0,65.673532,65.673532,1970.205968,0.0,0.0,0.0,0.0,0.0,2240.193471,269.987503,0.0,19949.265743,2096.475525,17043.244803,-12096.82086
F,favorevole,1,1.0,1.0,0,1.0,1.0,1.0,1.0,0.0,0,0,100.0,5.0,0.333333,0.25,2.0,3.0,0,0,0.0,149.0,49.0,3.96,2.9106,143.8297,47.2997,191.1294,0.0,4.050932,3.0,40.0,0,184.078468,106.578468,144.078468,-23.421532,250,2.583333,3.0,33.333333,17.583333,50.916667,527.5,0.0,0.0,0.0,0.0,0.0,-105.921532,-633.421532,1000.0,-3105.921532,-297.050932,-3297.050932,-4633.421532
F,favorevole,2,1.4,2.4,0.97,1.4,2.37,2.37,2.37,0.0,0,0,237.0,11.85,0.79,0.5925,2.8,4.2,0,0,0.0,208.6,116.13,6.4946,4.773531,201.36158,112.100289,313.461869,0.0,6.766208,7.11,56.0,0,299.585661,174.110661,243.585661,-7.889339,250,4.1825,4.2,33.333333,20.3825,53.715833,611.475,0.0,0.0,0.0,0.0,0.0,-6.414339,-617.889339,1000.0,-3112.335871,-128.746808,-3425.79774,-6251.310871
F,favorevole,3,1.8,4.2,2.2989,1.8,4.0989,4.0989,4.0989,0.0,0,0,409.89,20.4945,1.3663,1.024725,3.6,5.4,0,0,0.0,268.2,200.8461,9.380922,6.894978,258.89346,193.87674,452.7702,0.0,9.886598,12.2967,72.0,0,430.586903,250.856153,358.586903,16.856153,250,5.991025,5.4,33.333333,23.391025,56.724358,701.73075,0.0,0.0,0.0,0.0,0.0,108.586903,-593.143847,1000.0,-3003.748968,-30.721429,-3456.519169,-7844.454718
F,favorevole,4,2.2,6.4,3.975933,2.2,6.175933,6.175933,6.175933,0.0,0,0,617.5933,30.879665,2.058644,1.543983,4.4,6.6,0,0,0.0,327.8,302.620717,12.608414,9.267185,316.42534,292.119778,608.545118,0.0,13.399948,18.527799,88.0,0,576.617371,336.538543,488.617371,50.538543,250,8.002628,6.6,0.0,26.602628,26.602628,798.078828,0.0,0.0,0.0,0.0,0.0,238.617371,-559.461457,0.0,-2765.131598,82.842453,-3373.676716,-8403.916175
F,favorevole,5,2.6,9.0,5.990655,2.6,8.590655,8.590655,8.590655,0.0,0,0,859.065501,42.953275,2.863552,2.147664,5.2,7.8,0,0,0.0,387.4,420.942095,16.166842,11.882629,373.95722,406.335405,780.292625,0.0,17.294471,25.771965,104.0,0,737.226189,430.889726,633.226189,92.889726,250,10.211215,7.8,0.0,30.011215,30.011215,900.336463,0.0,0.0,0.0,0.0,0.0,383.226189,-517.110274,0.0,-2381.905409,211.478682,-3162.198033,-8921.026449
F,favorevole,6,3.0,12.0,8.332935,3.0,11.332935,11.332935,11.332935,0.0,0,0,1133.293536,56.664677,3.777645,2.833234,6.0,9.0,0,0,0.0,447.0,555.313833,20.046277,14.734013,431.4891,536.044443,967.533543,0.0,21.55873,33.998806,120.0,0,911.976006,533.649638,791.976006,143.649638,250,12.610879,9.0,0.0,33.610879,33.610879,1008.326369,0.0,0.0,0.0,0.0,0.0,541.976006,-466.350362,0.0,-1839.929402,354.735089,-2807.462945,-9387.376811
F,favorevole,7,3.333333,15.333333,10.992947,3.333333,14.326281,14.326281,14.326281,0.0,0,0,1432.628063,71.631403,4.775427,3.58157,6.666667,10.0,0,0,0.0,496.666667,701.987751,23.973088,17.62022,479.432333,677.628776,1157.061109,0.0,25.911572,42.978842,133.333333,0,1088.170696,637.460785,954.837362,204.127451,250,15.023664,10.0,0.0,37.023664,37.023664,1110.709911,0.0,0.0,0.0,0.0,0.0,704.837362,-405.872549,0.0,-1135.09204,515.309796,-2292.153149,-9793.24936
F,favorevole,8,3.666667,19.0,13.896492,3.666667,17.563159,17.563159,17.563159,0.0,0,0,1756.315888,87.815794,5.854386,4.39079,7.333333,11.0,0,0,0.0,546.333333,860.594785,28.138562,20.681843,527.375567,830.732146,1358.107713,0.0,30.539305,52.689477,146.666667,0,1274.878931,747.52365,1128.212264,270.856984,250,17.578509,11.0,0.0,40.578509,40.578509,1217.35528,0.0,0.0,0.0,0.0,0.0,878.212264,-339.143016,0.0,-256.879776,677.165661,-1614.987488,-10132.392376
F,favorevole,9,4.0,23.0,17.036264,4.0,21.036264,21.036264,21.036264,0.0,0,0,2103.626411,105.181321,7.012088,5.259066,8.0,12.0,0,0,0.0,596.0,1030.776942,32.535539,23.913621,575.3188,995.008982,1570.327782,0.0,35.433684,63.108792,160.0,0,1471.785306,863.650684,1311.785306,343.650684,250,20.271154,12.0,0.0,44.271154,44.271154,1328.134622,0.0,0.0,0.0,0.0,0.0,1061.785306,-266.349316,0.0,804.90553,849.565237,-765.422252,-10398.741693
F,favorevole,10,4.333333,27.333333,20.405176,4.333333,24.73851,24.73851,24.73851,0.0,0,0,2473.850952,123.692548,8.24617,6.184627,8.666667,13.0,0,0,0.0,645.666667,1212.186967,37.157073,27.310448,623.262033,1170.124079,1793.386112,0.0,40.586708,74.215529,173.333333,0,1678.583876,985.659959,1505.250543,422.326626,250,23.097464,13.0,0.0,48.097464,48.097464,1442.923917,0.0,0.0,0.0,0.0,0.0,1255.250543,-187.673374,0.0,2060.156072,1032.192212,266.76996,-10586.415067
F,favorevole,11,4.666667,32.0,23.996354,4.666667,28.663021,28.663021,28.663021,0.0,0,0,2866.30209,143.315105,9.55434,7.165755,9.333333,14.0,0,0,0.0,695.333333,1404.488024,41.996427,30.867374,671.205267,1355.75229,2026.957557,0.0,45.990618,85.989063,186.666667,0,1894.977876,1113.37501,1708.311209,506.708343,250,26.053429,14.0,0.0,52.053429,52.053429,1561.602866,0.0,0.0,0.0,0.0,0.0,1458.311209,-103.291657,0.0,3518.467282,1224.739765,1491.509725,-10689.706723
F,favorevole,12,5.0,37.0,27.80313,5.0,32.80313,32.80313,32.80313,0.0,0,0,3280.313028,164.015651,10.934377,8.200783,10.0,15.0,0,0,0.0,745.0,1607.353384,47.047068,34.579595,719.1485,1551.578221,2270.726721,0.0,51.637888,98.409391,200.0,0,2120.679442,1246.624662,1920.679442,596.624662,250,29.135159,15.0,0.0,56.135159,56.135159,1684.05478,0.0,0.0,0.0,0.0,0.0,1670.679442,-13.375338,0.0,5189.146724,1426.910278,2918.420003,-10703.082061
F,favorevole,13,5.333333,42.333333,31.819036,5.333333,37.15237,37.15237,37.15237,0.0,0,0,3715.23697,185.761849,12.384123,9.288092,10.666667,16.0,0,0,0.0,794.666667,1820.466115,52.302656,38.442452,767.091733,1757.295941,2524.387675,0.0,57.521217,111.457109,213.333333,0,2355.409348,1385.242879,2142.076015,691.909545,250,32.338882,16.0,0.0,60.338882,60.338882,1810.16647,0.0,0.0,0.0,0.0,0.0,1892.076015,81.909545,0.0,7081.222739,1638.415062,4556.835064,-10621.172516
F,favorevole,14,5.666667,48.0,36.037799,5.666667,41.704465,41.704465,41.704465,0.0,0,0,4170.446528,208.522326,13.901488,10.426116,11.333333,17.0,0,0,0.0,844.333333,2043.518799,57.757043,42.451426,815.034967,1972.608696,2787.643663,0.0,63.633523,125.113396,226.666667,0,2598.896744,1529.068602,2372.230077,792.401935,250,35.660938,17.0,0.0,64.660938,64.660938,1939.828142,0.0,0.0,0.0,0.0,0.0,2122.230077,182.401935,0.0,9203.452816,1858.974089,6415.809153,-10438.770581
F,favorevole,15,6.0,54.0,40.453331,6.0,46.453331,46.453331,46.453331,0.0,0,0,4645.333132,232.266657,15.484444,11.613333,12.0,18.0,0,0,0.0,894.0,2276.213235,63.404265,46.602135,862.9782,2197.228635,3060.206835,0.0,69.967937,139.359994,240.0,0,2850.878904,1677.945606,2610.878904,897.945606,250,39.097777,18.0,0.0,69.097777,69.097777,2072.933298,0.0,0.0,0.0,0.0,0.0,2360.878904,287.945606,0.0,11564.331721,2088.315732,8504.124885,-10150.824974
F,favorevole,16,6.333333,60.333333,45.059731,6.333333,51.393065,51.393065,51.393065,0.0,0,0,5139.306471,256.965324,17.131022,12.848266,12.666667,19.0,0,0,0.0,943.666667,2518.260171,69.238537,50.890325,910.921433,2430.876543,3341.797976,0.0,76.517795,154.179194,253.333333,0,3111.100987,1831.722354,2857.767653,1008.389021,250,42.645954,19.0,0.0,73.645954,73.645954,2209.378632,0.0,0.0,0.0,0.0,0.0,2607.767653,398.389021,0.0,14172.099374,2326.176513,10830.301398,-9752.435953
F,favorevole,17,6.666667,67.0,49.851273,6.666667,56.517939,56.517939,56.517939,0.0,0,0,5651.793944,282.589697,18.839313,14.129485,13.333333,20.0,0,0,0.0,993.333333,2769.379032,75.254247,55.311872,958.864667,2673.28158,3632.146247,0.0,83.276635,169.553818,266.666667,0,3379.315793,1990.251853,3112.649127,1123.585186,250,46.302131,20.0,0.0,78.302131,78.302131,2349.06394,0.0,0.0,0.0,0.0,0.0,2862.649127,513.585186,0.0,17034.748501,2572.300856,13402.602254,-9238.850767
F,favorevole,18,7.0,74.0,54.822401,7.0,61.822401,61.822401,61.822401,0.0,0,0,6182.240126,309.112006,20.607467,15.4556,14.0,21.0,0,0,0.0,1043.0,3029.297662,81.445953,59.862776,1006.8079,2924.181033,3930.988933,0.0,90.238187,185.467204,280.0,0,3655.283542,2153.39152,3375.283542,1243.39152,250,50.063067,21.0,0.0,83.063067,83.063067,2491.892022,0.0,0.0,0.0,0.0,0.0,3125.283542,633.39152,0.0,20160.032043,2826.440856,16229.04311,-8605.459247
F,favorevole,19,7.333333,81.333333,59.967729,7.333333,67.301063,67.301063,67.301063,0.0,0,0,6730.106255,336.505313,22.433688,16.825266,14.666667,22.0,0,0,0.0,1092.666667,3297.752065,87.808375,64.539155,1054.751133,3183.320068,4238.071202,0.0,97.396369,201.903188,293.333333,0,3938.771646,2321.003051,3645.438312,1367.669718,250,53.92562,22.0,0.0,87.92562,87.92562,2637.768595,0.0,0.0,0.0,0.0,0.0,3395.438312,757.669718,0.0,23555.470355,3088.356043,19317.399154,-7847.789529
F,favorevole,20,7.666667,89.0,65.282031,7.666667,72.948697,72.948697,72.948697,0.0,0,0,7294.869734,364.743487,24.316232,18.237174,15.333333,23.0,0,0,0.0,1142.333333,3574.48617,94.33639,69.337247,1102.694367,3450.4515,4553.145866,0.0,104.745282,218.846092,306.666667,0,4229.554492,2492.952289,3922.887826,1496.285622,250,57.88674,23.0,0.0,92.88674,92.88674,2786.602203,0.0,0.0,0.0,0.0,0.0,3672.887826,886.285622,0.0,27228.358181,3357.813161,22675.212315,-6961.503907
F,favorevole,21,8.0,97.0,70.760236,8.0,78.760236,78.760236,78.760236,0.0,0,0,7876.023642,393.801182,26.253412,19.690059,16.0,24.0,0,0,0.0,1192.0,3859.251585,101.025032,74.253398,1150.6376,3725.335555,4875.973155,0.0,112.279205,236.280709,320.0,0,4527.41324,2669.109103,4207.41324,1629.109103,250,61.943471,24.0,0.0,97.943471,97.943471,2938.304137,0.0,0.0,0.0,0.0,0.0,3957.41324,1019.109103,0.0,31185.771421,3634.585952,26309.798267,-5942.394804
F,favorevole,22,8.333333,105.333333,76.397429,8.333333,84.730763,84.730763,84.730763,0.0,0,0,8473.076266,423.653813,28.243588,21.182691,16.666667,25.0,0,0,0.0,1241.666667,4151.80737,107.869481,79.284068,1198.580833,4007.739655,5206.320488,0.0,119.992587,254.192288,333.333333,0,4832.135613,2849.347266,4498.802279,1766.013933,250,66.092945,25.0,0.0,103.092945,103.092945,3092.788347,0.0,0.0,0.0,0.0,0.0,4248.802279,1156.013933,0.0,35434.5737,3918.454946,30228.253212,-4786.380871
F,favorevole,23,8.666667,114.0,82.18884,8.666667,90.855506,90.855506,90.855506,0.0,0,0,9085.550645,454.277532,30.285169,22.713877,17.333333,26.0,0,0,0.0,1291.333333,4451.919816,114.865063,84.425821,1246.524067,4297.438198,5543.962265,0.0,127.880045,272.566519,346.666667,0,5143.5157,3033.544338,4796.849034,1906.877671,250,70.332379,26.0,0.0,108.332379,108.332379,3249.971363,0.0,0.0,0.0,0.0,0.0,4546.849034,1296.877671,0.0,39981.422734,4209.207257,34437.460469,-3489.5032
F,favorevole,24,9.0,123.0,88.129841,9.0,97.129841,97.129841,97.129841,0.0,0,0,9712.984126,485.649206,32.376614,24.28246,18.0,27.0,0,0,0.0,1341.0,4759.362221,122.007244,89.675325,1294.4673,4594.212352,5888.679652,0.0,135.936356,291.389524,360.0,0,5461.353772,3221.58155,5101.353772,2051.58155,250,74.659074,27.0,0.0,113.659074,113.659074,3409.772222,0.0,0.0,0.0,0.0,0.0,4851.353772,1441.58155,0.0,44832.776506,4506.636385,38944.096854,-2047.92165
G,prudente,1,0.0,0.0,0,0.0,0.0,0.0,0.0,0.0,0,0,0.0,0.0,0.0,0.0,0.0,0.0,0,0,0.0,0.0,0.0,0.0,0.0,0.0,0.0,0.0,0.0,0.0,0.0,0.0,0,0.0,0.0,0.0,0.0,250,0.0,0.0,13.333333,12.0,25.333333,360.0,0.0,0.0,0.0,0.0,0.0,-250.0,-610.0,400.0,-2750.0,-250.0,-2750.0,-3510.0
G,prudente,2,0.0,0.0,0.0,0.0,0.0,0.0,0.0,0.0,0,0,0.0,0.0,0.0,0.0,0.0,0.0,0,0,0.0,0.0,0.0,0.0,0.0,0.0,0.0,0.0,0.0,0.0,0.0,0.0,0,0.0,0.0,0.0,0.0,250,0.0,0.0,13.333333,12.0,25.333333,360.0,0.0,0.0,0.0,0.0,0.0,-250.0,-610.0,400.0,-3000.0,-250.0,-3000.0,-4520.0
G,prudente,3,0.0,0.0,0.0,0.0,0.0,0.0,0.0,0.0,0,0,0.0,0.0,0.0,0.0,0.0,0.0,0,0,0.0,0.0,0.0,0.0,0.0,0.0,0.0,0.0,0.0,0.0,0.0,0.0,0,0.0,0.0,0.0,0.0,250,0.0,0.0,13.333333,12.0,25.333333,360.0,0.0,0.0,0.0,0.0,0.0,-250.0,-610.0,400.0,-3250.0,-250.0,-3250.0,-5530.0
G,prudente,4,0.333333,0.333333,0.0,0.2,0.2,0.2,0.333333,0.133333,0,0,33.333333,1.666667,0.111111,0.083333,1.333333,1.0,0,0,0.0,163.333333,9.8,17.313333,7.791,139.65,8.379,148.029,0.0,2.984839,1.0,13.333333,0,144.044161,98.210827,130.710827,54.877494,250,1.527778,1.0,0.0,14.527778,14.527778,435.833333,0.0,0.0,0.0,0.0,0.0,-119.289173,-555.122506,0.0,-3369.289173,-267.318173,-3517.318173,-6085.122506
G,prudente,5,0.666667,1.0,0.184,0.4,0.584,0.584,0.850667,0.266667,0,0,85.066667,4.253333,0.283556,0.212667,2.666667,2.0,0,0,0.0,326.666667,28.616,35.528267,15.98772,279.3,24.46668,303.76668,0.0,6.164172,2.552,26.666667,0,295.050508,200.163841,268.383841,113.497174,250,3.162889,2.0,0.0,17.162889,17.162889,514.886667,0.0,0.0,0.0,0.0,0.0,18.383841,-496.502826,0.0,-3350.905332,-137.353839,-3654.672012,-6581.625332
G,prudente,6,1.0,2.0,0.53728,0.6,1.13728,1.13728,1.53728,0.4,0,0,153.728,7.6864,0.512427,0.38432,4.0,3.0,0,0,0.0,490.0,55.72672,54.572672,24.557702,418.95,47.646346,466.596346,0.0,9.522439,4.61184,40.0,0,452.462067,305.559667,412.462067,175.559667,250,4.896747,3.0,0.0,19.896747,19.896747,596.9024,0.0,0.0,0.0,0.0,0.0,162.462067,-434.440333,0.0,-3188.443265,-0.367599,-3655.039611,-7016.065665
G,prudente,7,1.0,3.0,1.046298,0.6,1.646298,1.646298,2.046298,0.4,0,0,204.62976,10.231488,0.682099,0.511574,4.0,3.0,0,0,0.0,490.0,80.668582,57.066858,25.680086,418.95,68.971638,487.921638,0.0,10.060486,6.138893,40.0,0,471.722259,315.912051,431.722259,185.912051,250,5.193674,3.0,0.0,20.193674,20.193674,605.810208,0.0,0.0,0.0,0.0,0.0,181.722259,-424.087949,0.0,-3006.721006,160.396967,-3494.642644,-7440.153614
G,prudente,8,1.0,4.0,1.514594,0.6,2.114594,2.114594,2.514594,0.4,0,0,251.459379,12.572969,0.838198,0.628648,4.0,3.0,0,0,0.0,490.0,103.615096,59.36151,26.712679,418.95,88.590907,507.540907,0.0,10.555489,7.543781,40.0,0,489.441636,325.436245,449.441636,195.436245,250,5.466846,3.0,0.0,20.466846,20.466846,614.005391,0.0,0.0,0.0,0.0,0.0,199.441636,-414.563755,0.0,-2807.279369,179.822368,-3314.820276,-7854.717369
G,prudente,9,1.0,5.0,1.945426,0.6,2.545426,2.545426,2.945426,0.4,0,0,294.542629,14.727131,0.981809,0.736357,4.0,3.0,0,0,0.0,490.0,124.725888,61.472589,27.662665,418.95,106.640634,525.590634,0.0,11.010892,8.836279,40.0,0,505.743464,334.198503,465.743464,204.198503,250,5.718165,3.0,0.0,20.718165,20.718165,621.54496,0.0,0.0,0.0,0.0,0.0,215.743464,-405.801497,0.0,-2591.535906,197.693736,-3117.12654,-8260.518865
G,prudente,10,1.0,6.0,2.341792,0.6,2.941792,2.941792,3.341792,0.4,0,0,334.179219,16.708961,1.113931,0.835448,4.0,3.0,0,0,0.0,490.0,144.147817,63.414782,28.536652,418.95,123.246384,542.196384,0.0,11.429863,10.025377,40.0,0,520.741144,342.259781,480.741144,212.259781,250,5.949379,3.0,0.0,20.949379,20.949379,628.481363,0.0,0.0,0.0,0.0,0.0,230.741144,-397.740219,0.0,-2360.794761,214.135395,-2902.991145,-8658.259084
G,prudente,11,1.0,7.0,2.706449,0.6,3.306449,3.306449,3.706449,0.4,0,0,370.644881,18.532244,1.235483,0.926612,4.0,3.0,0,0,0.0,490.0,162.015992,65.201599,29.34072,418.95,138.523673,557.473673,0.0,11.815316,11.119346,40.0,0,534.539011,349.676157,494.539011,219.676157,250,6.162095,3.0,0.0,21.162095,21.162095,634.862854,0.0,0.0,0.0,0.0,0.0,244.539011,-390.323843,0.0,-2116.25575,229.261722,-2673.729423,-9048.582927
G,prudente,12,1.0,8.0,3.041933,0.6,3.641933,3.641933,4.041933,0.4,0,0,404.193291,20.209665,1.347311,1.010483,4.0,3.0,0,0,0.0,490.0,178.454712,66.845471,30.080462,418.95,152.578779,571.528779,0.0,12.169932,12.125799,40.0,0,547.233048,356.499222,507.233048,226.499222,250,6.357794,3.0,0.0,21.357794,21.357794,640.733826,0.0,0.0,0.0,0.0,0.0,257.233048,-383.500778,0.0,-1859.022702,243.177942,-2430.551481,-9432.083705
G,prudente,13,1.166667,9.166667,3.350578,0.7,4.050578,4.050578,4.517245,0.466667,0,0,451.724494,22.586225,1.505748,1.129311,4.666667,3.5,0,0,0.0,571.666667,198.478335,77.0145,34.656525,488.775,169.698977,658.473977,0.0,13.988599,13.551735,46.666667,0,630.933643,411.881856,584.266976,260.215189,250,7.301726,3.5,0.0,22.801726,22.801726,684.051786,0.0,0.0,0.0,0.0,0.0,334.266976,-349.784811,0.0,-1524.755727,247.321778,-2183.229703,-9781.868516
G,prudente,14,1.333333,10.5,3.726532,0.8,4.526532,4.526532,5.059865,0.533333,0,0,505.986534,25.299327,1.686622,1.264966,5.333333,4.0,0,0,0.0,653.333333,221.800069,87.51334,39.381003,558.6,189.639059,748.239059,0.0,15.878413,15.179596,53.333333,0,717.181049,468.633406,663.847716,295.300072,250,8.284921,4.0,0.0,24.284921,24.284921,728.547644,0.0,0.0,0.0,0.0,0.0,413.847716,-314.699928,0.0,-1110.908011,324.082634,-1859.147069,-10096.568443
G,prudente,15,1.5,12.0,4.164409,0.9,5.064409,5.064409,5.664409,0.6,0,0,566.440945,28.322047,1.888136,1.416102,6.0,4.5,0,0,0.0,735.0,248.156063,98.315606,44.242023,628.425,212.173434,840.598434,0.0,17.833683,16.993228,60.0,0,805.771523,526.644357,745.771523,331.644357,250,9.304239,4.5,0.0,25.804239,25.804239,774.127165,0.0,0.0,0.0,0.0,0.0,495.771523,-278.355643,0.0,-615.136488,403.412148,-1455.734922,-10374.924086
G,prudente,16,1.666667,13.666667,4.659257,1.0,5.659257,5.659257,6.325923,0.666667,0,0,632.592336,31.629617,2.108641,1.581481,6.666667,5.0,0,0,0.0,816.666667,277.303578,109.397024,49.228661,698.25,237.094559,935.344559,0.0,19.849171,18.97777,66.666667,0,896.517618,585.81396,829.850952,369.147293,250,10.356789,5.0,0.0,27.356789,27.356789,820.703659,0.0,0.0,0.0,0.0,0.0,579.850952,-240.852707,0.0,-35.285536,485.104826,-970.630095,-10615.776793
G,prudente,17,1.833333,15.5,5.206516,1.1,6.306516,6.306516,7.039849,0.733333,0,0,703.984949,35.199247,2.346616,1.759962,7.333333,5.5,0,0,0.0,898.333333,309.019292,120.735263,54.330868,768.075,264.211494,1032.286494,0.0,21.92006,21.119548,73.333333,0,989.246886,646.04952,915.913553,407.716186,250,11.439912,5.5,0.0,28.939912,28.939912,868.197366,0.0,0.0,0.0,0.0,0.0,665.913553,-202.283814,0.0,630.628016,568.971617,-401.658478,-10818.060607
G,prudente,18,2.0,17.5,5.801995,1.2,7.001995,7.001995,7.801995,0.8,0,0,780.199487,39.009974,2.600665,1.950499,8.0,6.0,0,0,0.0,980.0,343.097748,132.309775,59.539399,837.9,293.348575,1131.248575,0.0,24.041919,23.405985,80.0,0,1083.800672,707.265762,1003.800672,447.265762,250,12.551164,6.0,0.0,30.551164,30.551164,916.53491,0.0,0.0,0.0,0.0,0.0,753.800672,-162.734238,0.0,1384.428688,654.838591,253.180113,-10980.794845
G,prudente,19,2.0,19.5,6.441835,1.2,7.641835,7.641835,8.441835,0.8,0,0,844.183528,42.209176,2.813945,2.110459,8.0,6.0,0,0,0.0,980.0,374.449929,135.444993,60.950247,837.9,320.154689,1158.054689,0.0,24.718249,25.325506,80.0,0,1108.010934,720.278817,1028.010934,460.278817,250,12.924404,6.0,0.0,30.924404,30.924404,927.732117,0.0,0.0,0.0,0.0,0.0,778.010934,-149.721183,0.0,2162.439622,751.20482,1004.384933,-11130.516028
G,prudente,20,2.0,21.5,7.030488,1.2,8.230488,8.230488,9.030488,0.8,0,0,903.048845,45.152442,3.010163,2.257622,8.0,6.0,0,0,0.0,980.0,403.293934,138.329393,62.248227,837.9,344.816314,1182.716314,0.0,25.340473,27.091465,80.0,0,1130.284375,732.250827,1050.284375,472.250827,250,13.267785,6.0,0.0,31.267785,31.267785,938.033548,0.0,0.0,0.0,0.0,0.0,800.284375,-137.749173,0.0,2962.723997,775.62275,1780.007683,-11268.265201
G,prudente,21,2.0,23.5,7.572049,1.2,8.772049,8.772049,9.572049,0.8,0,0,957.204938,47.860247,3.190683,2.393012,8.0,6.0,0,0,0.0,980.0,429.83042,140.983042,63.442369,837.9,367.505009,1205.405009,0.0,25.912919,28.716148,80.0,0,1150.775941,743.265077,1070.775941,483.265077,250,13.583695,6.0,0.0,31.583695,31.583695,947.510864,0.0,0.0,0.0,0.0,0.0,820.775941,-126.734923,0.0,3783.499938,798.087246,2578.09493,-11395.000124
G,prudente,22,2.0,25.5,8.070285,1.2,9.270285,9.270285,10.070285,0.8,0,0,1007.028543,50.351427,3.356762,2.517571,8.0,6.0,0,0,0.0,980.0,454.243986,143.424399,64.540979,837.9,388.378608,1226.278608,0.0,26.43957,30.210856,80.0,0,1169.628182,753.398187,1089.628182,493.398187,250,13.874333,6.0,0.0,31.874333,31.874333,956.229995,0.0,0.0,0.0,0.0,0.0,839.628182,-116.601813,0.0,4623.12812,818.754583,3396.849512,-11511.601937
G,prudente,23,2.0,27.5,8.528663,1.2,9.728663,9.728663,10.528663,0.8,0,0,1052.866259,52.643313,3.509554,2.632166,8.0,6.0,0,0,0.0,980.0,476.704467,145.670447,65.551701,837.9,407.582319,1245.482319,0.0,26.924088,31.585988,80.0,0,1186.972243,762.720648,1106.972243,502.720648,250,14.14172,6.0,0.0,32.14172,32.14172,964.251595,0.0,0.0,0.0,0.0,0.0,856.972243,-107.279352,0.0,5480.100364,837.768532,4234.618044,-11618.881289
G,prudente,24,2.0,29.5,8.95037,1.2,10.15037,10.15037,10.95037,0.8,0,0,1095.036959,54.751848,3.650123,2.737592,8.0,6.0,0,0,0.0,980.0,497.36811,147.736811,66.481565,837.9,425.249734,1263.149734,0.0,27.369845,32.851109,80.0,0,1202.92878,771.297312,1122.92878,511.297312,250,14.387716,6.0,0.0,32.387716,32.387716,971.631468,0.0,0.0,0.0,0.0,0.0,872.92878,-98.702688,0.0,6353.029144,855.261365,5089.87941,-11717.583977
G,centrale,1,1.0,1.0,0,0.6,0.6,0.6,1.0,0.4,0,0,100.0,5.0,0.333333,0.25,4.0,3.0,0,0,0.0,490.0,29.4,25.97,14.8029,451.535,27.0921,478.6271,0.0,9.429769,3.0,40.0,0,466.197331,328.697331,426.197331,198.697331,250,4.583333,3.0,13.333333,19.583333,32.916667,587.5,0.0,0.0,0.0,0.0,0.0,176.197331,-411.302669,400.0,-2323.802669,-302.429769,-2802.429769,-3311.302669
G,centrale,2,1.2,2.2,0.57,0.72,1.29,1.29,1.77,0.48,0,0,177.0,8.85,0.59,0.4425,4.8,3.6,0,0,0.0,588.0,63.21,32.5605,18.559485,541.842,58.248015,600.090015,0.0,11.943786,5.31,48.0,0,582.836229,407.861229,534.836229,251.861229,250,5.8325,3.6,13.333333,21.4325,34.765833,642.975,0.0,0.0,0.0,0.0,0.0,284.836229,-358.138771,400.0,-2038.96644,163.373314,-2639.056455,-4069.44144
G,centrale,3,1.4,3.6,1.2255,0.84,2.0655,2.0655,2.6255,0.56,0,0,262.55,13.1275,0.875167,0.656375,5.6,4.2,0,0,0.0,686.0,101.2095,39.360475,22.435471,632.149,93.264554,725.413554,0.0,14.552012,7.8765,56.0,0,702.985042,489.038792,646.985042,307.038792,250,7.131542,4.2,13.333333,23.331542,36.664875,699.94625,0.0,0.0,0.0,0.0,0.0,396.985042,-302.961208,400.0,-1641.981398,271.661503,-2367.394952,-4772.402648
G,centrale,4,1.6,5.2,1.962225,0.96,2.922225,2.922225,3.562225,0.64,0,0,356.2225,17.811125,1.187408,0.890556,6.4,4.8,0,0,0.0,784.0,143.189025,46.359451,26.424887,722.456,131.948687,854.404687,0.0,17.249737,10.686675,64.0,0,826.468274,572.129337,762.468274,364.129337,250,8.477965,4.8,0.0,25.277965,25.277965,758.338937,0.0,0.0,0.0,0.0,0.0,512.468274,-245.870663,0.0,-1129.513124,383.477142,-1983.91781,-5018.273311
G,centrale,5,1.8,7.0,2.776114,1.08,3.856114,3.856114,4.576114,0.72,0,0,457.611375,22.880569,1.525371,1.144028,7.2,5.4,0,0,0.0,882.0,188.949574,53.547479,30.522063,812.763,174.117032,986.880032,0.0,20.032487,13.728341,72.0,0,953.119204,657.037214,881.119204,423.037214,250,9.8694,5.4,0.0,27.2694,27.2694,818.081991,0.0,0.0,0.0,0.0,0.0,631.119204,-186.962786,0.0,-498.393919,498.643859,-1485.273952,-5205.236098
G,centrale,6,2.0,9.0,3.663308,1.2,4.863308,4.863308,5.663308,0.8,0,0,566.330806,28.31654,1.887769,1.415827,8.0,6.0,0,0,0.0,980.0,238.302095,60.915105,34.72161,903.07,219.595381,1122.665381,0.0,22.896009,16.989924,80.0,0,1082.779447,743.671556,1002.779447,483.671556,250,11.303596,6.0,0.0,29.303596,29.303596,879.107891,0.0,0.0,0.0,0.0,0.0,752.779447,-126.328444,0.0,254.385528,616.994099,-868.279853,-5331.564541
G,centrale,7,2.166667,11.166667,4.620143,1.3,5.920143,5.920143,6.786809,0.866667,0,0,678.680933,33.934047,2.26227,1.696702,8.666667,6.5,0,0,0.0,1061.666667,290.08699,67.587683,38.524979,978.325833,267.315162,1245.640995,0.0,25.52194,20.360428,86.666667,0,1199.758627,820.989464,1113.091961,539.322797,250,12.625639,6.5,0.0,31.125639,31.125639,933.769163,0.0,0.0,0.0,0.0,0.0,863.091961,-70.677203,0.0,1117.477489,740.116346,-128.163506,-5402.241744
G,centrale,8,2.333333,13.5,5.624136,1.4,7.024136,7.024136,7.957469,0.933333,0,0,795.746886,39.787344,2.65249,1.989367,9.333333,7.0,0,0,0.0,1143.333333,344.182641,74.375799,42.394205,1053.581667,317.164303,1370.74597,0.0,28.199832,23.872407,93.333333,0,1318.673731,899.418026,1225.340398,596.084693,250,13.97519,7.0,0.0,32.97519,32.97519,989.255705,0.0,0.0,0.0,0.0,0.0,975.340398,-13.915307,0.0,2092.817886,850.235423,722.071916,-5416.157051
G,centrale,9,2.5,16.0,6.672929,1.5,8.172929,8.172929,9.172929,1.0,0,0,917.292875,45.864644,3.057643,2.293232,10.0,7.5,0,0,0.0,1225.0,400.473509,81.273675,46.325995,1128.8375,369.036338,1497.873838,0.0,30.927089,27.518786,100.0,0,1439.427963,978.90171,1339.427963,653.90171,250,15.350875,7.5,0.0,34.850875,34.850875,1045.526253,0.0,0.0,0.0,0.0,0.0,1089.427963,43.90171,0.0,3182.245849,962.300095,1684.372011,-5372.255341
G,centrale,10,2.666667,18.666667,7.764282,1.6,9.364282,9.364282,10.430949,1.066667,0,0,1043.094898,52.154745,3.476983,2.607737,10.666667,8.0,0,0,0.0,1306.666667,458.849833,88.275825,50.31722,1204.093333,422.830121,1626.923455,0.0,33.701242,31.292847,106.666667,0,1561.929366,1059.387759,1455.2627,712.721092,250,16.751387,8.0,0.0,36.751387,36.751387,1102.541607,0.0,0.0,0.0,0.0,0.0,1205.2627,102.721092,0.0,4387.508549,1076.213083,2760.585094,-5269.534249
G,centrale,11,2.833333,21.5,8.896068,1.7,10.596068,10.596068,11.729402,1.133333,0,0,1172.940153,58.647008,3.909801,2.93235,11.333333,8.5,0,0,0.0,1388.333333,519.207342,95.377034,54.364909,1279.349167,478.449565,1757.798732,0.0,36.519945,35.188205,113.333333,0,1686.090582,1140.826056,1572.757249,772.492722,250,18.175484,8.5,0.0,38.675484,38.675484,1160.264527,0.0,0.0,0.0,0.0,0.0,1322.757249,162.492722,0.0,5710.265798,1191.881972,3952.467066,-5107.041527
G,centrale,12,3.0,24.5,10.066265,1.8,11.866265,11.866265,13.066265,1.2,0,0,1306.626479,65.331324,4.355422,3.266566,12.0,9.0,0,0,0.0,1470.0,581.446975,102.572349,58.466239,1354.605,535.803387,1890.408387,0.0,39.380972,39.198794,120.0,0,1811.828621,1223.168987,1691.828621,833.168987,250,19.621988,9.0,0.0,40.621988,40.621988,1218.659634,0.0,0.0,0.0,0.0,0.0,1441.828621,223.168987,0.0,7152.094419,1309.218966,5261.686032,-4883.87254
G,centrale,13,3.166667,27.666667,11.272952,1.9,13.172952,13.172952,14.439618,1.266667,0,0,1443.961821,72.198091,4.813206,3.609905,12.666667,9.5,0,0,0.0,1551.666667,645.474626,109.857065,62.618527,1429.860833,594.804868,2024.665701,0.0,42.282206,43.318855,126.666667,0,1939.06464,1306.371322,1812.397974,894.704655,250,21.089777,9.5,0.0,42.589777,42.589777,1277.693319,0.0,0.0,0.0,0.0,0.0,1562.397974,284.704655,0.0,8714.492393,1428.14066,6689.826692,-4599.167884
G,centrale,14,3.333333,31.0,12.514304,2.0,14.514304,14.514304,15.847637,1.333333,0,0,1584.76373,79.238187,5.282546,3.961909,13.333333,10.0,0,0,0.0,1633.333333,711.200895,117.226711,66.819225,1505.116667,655.371624,2160.488291,0.0,45.221637,47.542912,133.333333,0,2067.723742,1390.390089,1934.390409,957.056756,250,22.577788,10.0,0.0,44.577788,44.577788,1337.333653,0.0,0.0,0.0,0.0,0.0,1684.390409,347.056756,0.0,10398.882801,1548.567819,8238.39451,-4252.111128
G,centrale,15,3.5,34.5,13.788589,2.1,15.888589,15.888589,17.288589,1.4,0,0,1728.858877,86.442944,5.762863,4.322147,14.0,10.5,0,0,0.0,1715.0,778.54085,124.677042,71.065914,1580.3725,717.425393,2297.797893,0.0,48.197355,51.865766,140.0,0,2197.734772,1475.184468,2057.734772,1020.184468,250,24.08501,10.5,0.0,46.58501,46.58501,1397.550304,0.0,0.0,0.0,0.0,0.0,1807.734772,410.184468,0.0,12206.617573,1670.42517,9908.81968,-3841.92666
G,centrale,16,3.666667,38.166667,15.094159,2.2,17.294159,17.294159,18.760826,1.466667,0,0,1876.0826,93.80413,6.253609,4.690206,14.666667,11.0,0,0,0.0,1796.666667,847.413807,132.204024,75.356294,1655.628333,780.891823,2436.520157,0.0,51.207546,56.282478,146.666667,0,2329.030133,1560.715678,2182.363467,1084.049012,250,25.610482,11.0,0.0,48.610482,48.610482,1458.314455,0.0,0.0,0.0,0.0,0.0,1932.363467,474.049012,0.0,14138.98104,1793.641203,11702.460883,-3367.877648
G,centrale,17,3.833333,42.0,16.429451,2.3,18.729451,18.729451,20.262785,1.533333,0,0,2026.27847,101.313923,6.754262,5.065696,15.333333,11.5,0,0,0.0,1878.333333,917.743117,139.803823,79.688179,1730.884167,845.700282,2576.584449,0.0,54.250485,60.788354,153.333333,0,2461.54561,1646.946877,2308.212276,1148.613544,250,27.153291,11.5,0.0,50.653291,50.653291,1519.598732,0.0,0.0,0.0,0.0,0.0,2058.212276,538.613544,0.0,16197.193316,1918.147984,13620.608867,-2829.264104
G,centrale,18,4.0,46.0,17.792979,2.4,20.192979,20.192979,21.792979,1.6,0,0,2179.29788,108.964894,7.264326,5.448245,16.0,12.0,0,0,0.0,1960.0,989.455961,147.472798,84.059495,1806.14,911.783668,2717.923668,0.0,57.324537,65.378936,160.0,0,2595.220195,1733.843066,2435.220195,1213.843066,250,28.712571,12.0,0.0,52.712571,52.712571,1581.377129,0.0,0.0,0.0,0.0,0.0,2185.220195,603.843066,0.0,18382.413511,2043.880976,15664.489843,-2225.421038
G,centrale,19,4.166667,50.166667,19.18333,2.5,21.68333,21.68333,23.349997,1.666667,0,0,2334.999653,116.749983,7.783332,5.837499,16.666667,12.5,0,0,0.0,2041.666667,1062.483163,155.207491,88.46827,1881.395833,979.078235,2860.474068,0.0,60.428144,70.04999,166.666667,0,2729.995935,1821.370995,2563.329268,1279.704329,250,30.287498,12.5,0.0,54.787498,54.787498,1643.624939,0.0,0.0,0.0,0.0,0.0,2313.329268,669.704329,0.0,20695.742779,2170.778868,17835.268711,-1555.716709
G,centrale,20,4.333333,54.5,20.599163,2.6,23.199163,23.199163,24.932497,1.733333,0,0,2493.24967,124.662483,8.310832,6.233124,17.333333,13.0,0,0,0.0,2123.333333,1136.759005,163.004617,92.912632,1956.651667,1047.523423,3004.17509,0.0,63.559829,74.79749,173.333333,0,2865.81777,1909.499078,2692.484437,1346.165745,250,31.87729,13.0,0.0,56.87729,56.87729,1706.318692,0.0,0.0,0.0,0.0,0.0,2442.484437,736.165745,0.0,23138.227216,2298.783415,20134.052126,-819.550965
G,centrale,21,4.5,59.0,22.039205,2.7,24.739205,24.739205,26.539205,1.8,0,0,2653.92052,132.696026,8.846402,6.634801,18.0,13.5,0,0,0.0,2205.0,1212.221055,170.861053,97.3908,2031.9075,1117.061702,3148.969202,0.0,66.718189,79.617616,180.0,0,3002.633397,1998.197306,2822.633397,1413.197306,250,33.481203,13.5,0.0,58.981203,58.981203,1769.436091,0.0,0.0,0.0,0.0,0.0,2572.633397,803.197306,0.0,25710.860613,2427.839285,22561.891411,-16.353659
G,centrale,22,4.666667,63.666667,23.502245,2.8,26.302245,26.302245,28.168912,1.866667,0,0,2816.89116,140.844558,9.389637,7.042228,18.666667,14.0,0,0,0.0,2286.666667,1288.810002,178.773833,101.901085,2107.163333,1187.638417,3294.80175,0.0,69.90189,84.506735,186.666667,0,3140.393126,2087.437172,2953.726459,1480.770506,250,35.098532,14.0,0.0,61.098532,61.098532,1832.955953,0.0,0.0,0.0,0.0,0.0,2703.726459,870.770506,0.0,28414.587072,2557.893911,25119.785322,854.416847
G,centrale,23,4.833333,68.5,24.987133,2.9,27.887133,27.887133,29.820466,1.933333,0,0,2982.046602,149.10233,9.940155,7.455117,19.333333,14.5,0,0,0.0,2368.333333,1366.469502,186.740142,106.441881,2182.419167,1259.201646,3441.620813,0.0,73.109664,89.461398,193.333333,0,3279.049751,2177.191595,3085.716417,1548.858262,250,36.728605,14.5,0.0,63.228605,63.228605,1896.858155,0.0,0.0,0.0,0.0,0.0,2835.716417,938.858262,0.0,31250.303489,2688.897355,27808.682677,1793.275109
G,centrale,24,5.0,73.5,26.492776,3.0,29.492776,29.492776,31.492776,2.0,0,0,3149.277606,157.46388,10.497592,7.873194,20.0,15.0,0,0,0.0,2450.0,1445.146027,194.757301,111.011662,2257.675,1331.702064,3589.377064,0.0,76.340308,94.478328,200.0,0,3418.558428,2267.434847,3218.558428,1617.434847,250,38.370786,15.0,0.0,65.370786,65.370786,1961.123581,0.0,0.0,0.0,0.0,0.0,2968.558428,1007.434847,0.0,34218.861917,2820.802177,30629.484853,2800.709956
G,favorevole,1,1.0,1.0,0,0.6,0.6,0.6,1.0,0.4,0,0,100.0,5.0,0.333333,0.25,4.0,3.0,0,0,0.0,490.0,29.4,10.388,7.63518,472.997,28.37982,501.37682,0.0,9.71492,3.0,40.0,0,488.6619,351.1619,448.6619,221.1619,250,4.583333,3.0,13.333333,19.583333,32.916667,587.5,0.0,0.0,0.0,0.0,0.0,198.6619,-388.8381,400.0,-2301.3381,-302.71492,-2802.71492,-3288.8381
G,favorevole,2,1.4,2.4,0.582,0.84,1.422,1.422,1.982,0.56,0,0,198.2,9.91,0.660667,0.4955,5.6,4.2,0,0,0.0,686.0,69.678,15.11356,11.108467,662.1958,67.260173,729.455973,0.0,14.257829,5.946,56.0,0,709.252144,506.567144,653.252144,324.567144,250,6.756167,4.2,13.333333,22.956167,36.2895,688.685,0.0,0.0,0.0,0.0,0.0,403.252144,-285.432856,400.0,-1898.085955,175.172991,-2627.541929,-3974.270955
G,favorevole,3,1.8,4.2,1.37934,1.08,2.45934,2.45934,3.17934,0.72,0,0,317.934,15.8967,1.05978,0.794835,7.2,5.4,0,0,0.0,882.0,120.50766,20.050153,14.736863,851.3946,116.326044,967.720644,0.0,19.043807,9.53802,72.0,0,939.138817,667.500367,867.138817,433.500367,250,9.054615,5.4,13.333333,26.454615,39.787948,793.63845,0.0,0.0,0.0,0.0,0.0,617.138817,-176.499633,400.0,-1280.947139,378.874146,-2248.667783,-4550.770589
G,favorevole,4,2.2,6.4,2.38556,1.32,3.70556,3.70556,4.58556,0.88,0,0,458.55598,22.927799,1.52852,1.14639,8.8,6.6,0,0,0.0,1078.0,181.57243,25.191449,18.515715,1040.5934,175.271867,1215.865267,0.0,24.065562,13.756679,88.0,0,1178.043026,833.795729,1090.043026,547.795729,250,11.47491,6.6,0.0,30.07491,30.07491,902.247296,0.0,0.0,0.0,0.0,0.0,840.043026,-62.204271,0.0,-440.904113,591.898403,-1656.76938,-4612.97486
G,favorevole,5,2.6,9.0,3.594393,1.56,5.154393,5.154393,6.194393,1.04,0,0,619.439301,30.971965,2.064798,1.548598,10.4,7.8,0,0,0.0,1274.0,252.565257,30.531305,22.440509,1229.7922,243.801243,1473.593443,0.0,29.31602,18.583179,104.0,0,1425.694244,1005.292367,1321.694244,667.292367,250,14.013396,7.8,0.0,33.813396,33.813396,1014.401878,0.0,0.0,0.0,0.0,0.0,1071.694244,57.292367,0.0,630.790131,813.966068,-842.803312,-4555.682493
G,favorevole,6,3.0,12.0,4.999761,1.8,6.799761,6.799761,7.999761,1.2,0,0,799.976122,39.998806,2.666587,1.99994,12.0,9.0,0,0,0.0,1470.0,333.1883,36.063766,26.506868,1418.991,321.626666,1740.617666,0.0,34.788319,23.999284,120.0,0,1681.830063,1181.834241,1561.830063,791.834241,250,16.666527,9.0,0.0,37.666527,37.666527,1129.995821,0.0,0.0,0.0,0.0,0.0,1311.830063,181.834241,0.0,1942.620194,1044.80584,202.002528,-4373.848252
G,favorevole,7,3.333333,15.333333,6.595768,2.0,8.595768,8.595768,9.929102,1.333333,0,0,992.910171,49.645509,3.309701,2.482275,13.333333,10.0,0,0,0.0,1633.333333,421.192651,41.09052,30.201532,1576.656667,406.577266,1983.233932,0.0,39.828144,29.787305,133.333333,0,1913.618483,1339.859203,1780.285149,906.525869,250,19.125309,10.0,0.0,41.125309,41.125309,1233.75928,0.0,0.0,0.0,0.0,0.0,1530.285149,296.525869,0.0,3472.905343,1287.668883,1489.671411,-4077.322382
G,favorevole,8,3.666667,19.0,8.337895,2.2,10.537895,10.537895,12.004562,1.466667,0,0,1200.456199,60.02281,4.001521,3.00114,14.666667,11.0,0,0,0.0,1796.666667,516.356871,46.260471,34.001446,1734.322333,498.439288,2232.761621,0.0,45.032905,36.013686,146.666667,0,2151.71503,1501.635195,2005.048364,1024.968529,250,21.669328,11.0,0.0,44.669328,44.669328,1340.079835,0.0,0.0,0.0,0.0,0.0,1755.048364,414.968529,0.0,5227.953707,1505.520675,2995.192086,-3662.353853
G,favorevole,9,4.0,23.0,10.221758,2.4,12.621758,12.621758,14.221758,1.6,0,0,1422.175847,71.108792,4.740586,3.55544,16.0,12.0,0,0,0.0,1960.0,618.466165,51.569323,37.903453,1891.988,597.005389,2488.993389,0.0,50.397652,42.665275,160.0,0,2395.930462,1667.049689,2235.930462,1147.049689,250,24.296026,12.0,0.0,48.296026,48.296026,1448.880773,0.0,0.0,0.0,0.0,0.0,1985.930462,537.049689,0.0,7213.884169,1729.698694,4724.89078,-3125.304165
G,favorevole,10,4.333333,27.333333,12.243106,2.6,14.843106,14.843106,16.576439,1.733333,0,0,1657.643905,82.882195,5.52548,4.14411,17.333333,13.0,0,0,0.0,2123.333333,727.31218,57.01291,41.904489,2049.653667,702.074447,2751.728114,0.0,55.917586,49.729317,173.333333,0,2646.08121,1835.993527,2472.747877,1272.660194,250,27.002923,13.0,0.0,52.002923,52.002923,1560.087683,0.0,0.0,0.0,0.0,0.0,2222.747877,662.660194,0.0,9436.632046,1960.013152,6684.903932,-2462.643971
G,favorevole,11,4.666667,32.0,14.397813,2.8,17.197813,17.197813,19.064479,1.866667,0,0,1906.447921,95.322396,6.354826,4.76612,18.666667,14.0,0,0,0.0,2286.666667,842.692815,62.58719,46.001584,2207.319333,813.451374,3020.770707,0.0,61.588053,57.193438,186.666667,0,2901.989217,2008.360831,2715.32255,1401.694164,250,29.787613,14.0,0.0,55.787613,55.787613,1673.628386,0.0,0.0,0.0,0.0,0.0,2465.32255,791.694164,0.0,11901.954596,2196.279957,8881.183889,-1670.949807
G,favorevole,12,5.0,37.0,16.681878,3.0,19.681878,19.681878,21.681878,2.0,0,0,2168.187817,108.409391,7.227293,5.42047,20.0,15.0,0,0,0.0,2450.0,964.41203,68.288241,50.191857,2364.985,930.946933,3295.931933,0.0,67.404535,65.045634,200.0,0,3163.481763,2184.048895,2963.481763,1534.048895,250,32.647762,15.0,0.0,59.647762,59.647762,1789.432868,0.0,0.0,0.0,0.0,0.0,2713.481763,924.048895,0.0,14615.436359,2438.320538,11319.504427,-746.900911
G,favorevole,13,5.333333,42.333333,19.091422,3.2,22.291422,22.291422,24.424755,2.133333,0,0,2442.475515,122.123776,8.141585,6.106189,21.333333,16.0,0,0,0.0,2613.333333,1092.279669,74.11226,54.472511,2522.650667,1054.377565,3577.028231,0.0,73.362652,73.274265,213.333333,0,3430.391314,2362.958098,3217.05798,1669.624765,250,35.581107,16.0,0.0,63.581107,63.581107,1907.433215,0.0,0.0,0.0,0.0,0.0,2967.05798,1059.624765,0.0,17582.49434,2685.961682,14005.466108,312.723854
G,favorevole,14,5.666667,48.0,21.622679,3.4,25.022679,25.022679,27.289346,2.266667,0,0,2728.934583,136.446729,9.096449,6.822336,22.666667,17.0,0,0,0.0,2776.666667,1226.111279,80.055559,58.840836,2680.316333,1183.565218,3863.881551,0.0,79.458156,81.868038,226.666667,0,3702.555357,2544.991805,3475.888691,1808.325139,250,38.585452,17.0,0.0,67.585452,67.585452,2027.563552,0.0,0.0,0.0,0.0,0.0,3225.888691,1198.325139,0.0,20808.38303,2939.035371,16944.501479,1511.048992
G,favorevole,15,6.0,54.0,24.271999,3.6,27.871999,27.871999,30.271999,2.4,0,0,3027.199879,151.359994,10.090666,7.568,24.0,18.0,0,0,0.0,2940.0,1365.727941,86.114559,63.294201,2837.982,1318.337181,4156.319181,0.0,85.686925,90.815996,240.0,0,3979.81626,2730.056281,3739.81626,1950.056281,250,41.658666,18.0,0.0,71.658666,71.658666,2149.759979,0.0,0.0,0.0,0.0,0.0,3489.81626,1340.056281,0.0,24298.199291,3197.37863,20141.880109,2851.105274
G,favorevole,16,6.333333,60.333333,27.035839,3.8,30.835839,30.835839,33.369172,2.533333,0,0,3336.917216,166.845861,11.123057,8.342293,25.333333,19.0,0,0,0.0,3103.333333,1510.956103,92.285789,67.830055,2995.647667,1458.525926,4454.173592,0.0,92.04496,100.107516,253.333333,0,4262.021116,2918.060603,4008.687783,2094.72727,250,44.798684,19.0,0.0,75.798684,75.798684,2273.960513,0.0,0.0,0.0,0.0,0.0,3758.687783,1484.72727,0.0,28056.887074,3460.833372,23602.713481,4335.832544
G,favorevole,17,6.666667,67.0,29.910764,4.0,33.910764,33.910764,36.57743,2.666667,0,0,3657.743033,182.887152,12.192477,9.144358,26.666667,20.0,0,0,0.0,3266.666667,1661.627419,98.565882,72.445923,3153.313333,1603.968948,4757.282281,0.0,98.528384,109.732291,266.666667,0,4549.021607,3108.916576,4282.35494,2242.249909,250,48.003501,20.0,0.0,80.003501,80.003501,2400.105031,0.0,0.0,0.0,0.0,0.0,4032.35494,1632.249909,0.0,32089.242014,3729.246251,27331.959732,5968.082453
G,favorevole,18,7.0,74.0,32.893441,4.2,37.093441,37.093441,39.893441,2.8,0,0,3989.344075,199.467204,13.297814,9.97336,28.0,21.0,0,0,0.0,3430.0,1817.578597,104.951572,77.139405,3310.979,1754.50862,5065.48762,0.0,105.133435,119.680322,280.0,0,4840.673863,3302.538649,4560.673863,2392.538649,250,51.271174,21.0,0.0,84.271174,84.271174,2528.135213,0.0,0.0,0.0,0.0,0.0,4310.673863,1782.538649,0.0,36399.915876,4002.468524,31334.428257,7750.621102
G,favorevole,19,7.333333,81.333333,35.980638,4.4,40.380638,40.380638,43.313971,2.933333,0,0,4331.397086,216.569854,14.43799,10.828493,29.333333,22.0,0,0,0.0,3593.333333,1978.651239,111.439691,81.908173,3468.644667,1909.992041,5378.636708,0.0,111.856464,129.941913,293.333333,0,5136.838331,3498.843841,4843.504998,2545.510508,250,54.599816,22.0,0.0,88.599816,88.599816,2657.99449,0.0,0.0,0.0,0.0,0.0,4593.504998,1935.510508,0.0,40993.420874,4280.35591,35614.784166,9686.13161
G,favorevole,20,7.666667,89.0,39.169218,4.6,43.769218,43.769218,46.835885,3.066667,0,0,4683.588507,234.179425,15.611962,11.708971,30.666667,23.0,0,0,0.0,3756.666667,2144.691702,118.027167,86.749968,3626.310333,2070.2709,5696.581233,0.0,118.693932,140.507655,306.666667,0,5437.379646,3697.751657,5130.712979,2701.08499,250,57.9876,23.0,0.0,92.9876,92.9876,2789.627989,0.0,0.0,0.0,0.0,0.0,4880.712979,2091.08499,0.0,45874.133853,4562.768454,40177.55262,11777.2166
G,favorevole,21,8.0,97.0,42.456142,4.8,47.256142,47.256142,50.456142,3.2,0,0,5045.614185,252.280709,16.818714,12.614035,32.0,24.0,0,0,0.0,3920.0,2315.550951,124.711019,91.662599,3783.976,2235.201333,6019.177333,0.0,125.642406,151.368426,320.0,0,5742.166501,3899.184019,5422.166501,2859.184019,250,61.432749,24.0,0.0,97.432749,97.432749,2922.982482,0.0,0.0,0.0,0.0,0.0,5172.166501,2249.184019,0.0,51046.300354,4849.570401,45027.123021,14026.400619
G,favorevole,22,8.333333,105.333333,45.838458,5.0,50.838458,50.838458,54.171791,3.333333,0,0,5417.179093,270.858955,18.057264,13.542948,33.333333,25.0,0,0,0.0,4083.333333,2491.084422,131.488355,96.643941,3941.641667,2404.643793,6346.285459,0.0,132.698556,162.515373,333.333333,0,6051.071531,4103.06519,5717.738198,3019.731856,250,64.933545,25.0,0.0,101.933545,101.933545,3058.006341,0.0,0.0,0.0,0.0,0.0,5467.738198,2409.731856,0.0,56514.038551,5140.630071,50167.753092,16436.132475
G,favorevole,23,8.666667,114.0,49.313304,5.2,54.513304,54.513304,57.979971,3.466667,0,0,5797.997054,289.899853,19.326657,14.494993,34.666667,26.0,0,0,0.0,4246.666667,2671.15189,138.356371,101.691933,4099.307333,2578.462919,6677.770252,0.0,139.859151,173.939912,346.666667,0,6363.97119,4309.321706,6017.304523,3182.655039,250,68.488316,26.0,0.0,106.488316,106.488316,3194.649484,0.0,0.0,0.0,0.0,0.0,5767.304523,2572.655039,0.0,62281.343075,5435.819731,55603.572823,19008.787514
G,favorevole,24,9.0,123.0,52.877905,5.4,58.277905,58.277905,61.877905,3.6,0,0,6187.790475,309.389524,20.625968,15.469476,36.0,27.0,0,0,0.0,4410.0,2855.617333,145.312347,106.804575,4256.973,2756.527411,7013.500411,0.0,147.121057,185.633714,360.0,0,6680.74564,4517.882307,6320.74564,3347.882307,250,72.095444,27.0,0.0,111.095444,111.095444,3332.863333,0.0,0.0,0.0,0.0,0.0,6070.74564,2737.882307,0.0,68352.088715,5735.015481,61338.588303,21746.669821
H,prudente,1,0.0,0.0,0,0.0,0.0,0.0,0.0,0.0,0,0,0.0,0.0,0.0,0.0,0.0,0.0,0,0,0.0,0.0,0.0,0.0,0.0,0.0,0.0,0.0,0.0,0.0,0.0,0.0,0,0.0,0.0,0.0,0.0,250,0.0,0.0,13.333333,12.0,25.333333,360.0,0.0,0.0,0.0,0.0,0.0,-250.0,-610.0,400.0,-2750.0,-250.0,-2750.0,-3510.0
H,prudente,2,0.0,0.0,0.0,0.0,0.0,0.0,0.0,0.0,0,0,0.0,0.0,0.0,0.0,0.0,0.0,0,0,0.0,0.0,0.0,0.0,0.0,0.0,0.0,0.0,0.0,0.0,0.0,0.0,0,0.0,0.0,0.0,0.0,250,0.0,0.0,13.333333,12.0,25.333333,360.0,0.0,0.0,0.0,0.0,0.0,-250.0,-610.0,400.0,-3000.0,-250.0,-3000.0,-4520.0
H,prudente,3,0.0,0.0,0.0,0.0,0.0,0.0,0.0,0.0,0,0,0.0,0.0,0.0,0.0,0.0,0.0,0,0,0.0,0.0,0.0,0.0,0.0,0.0,0.0,0.0,0.0,0.0,0.0,0.0,0,0.0,0.0,0.0,0.0,250,0.0,0.0,13.333333,12.0,25.333333,360.0,0.0,0.0,0.0,0.0,0.0,-250.0,-610.0,400.0,-3250.0,-250.0,-3250.0,-5530.0
H,prudente,4,0.333333,0.333333,0.0,0.2,0.2,0.2,0.333333,0.133333,1,1,33.333333,1.666667,0.111111,0.083333,1.0,0.333333,8,5,0.5,163.333333,9.8,17.313333,7.791,139.65,8.379,148.029,44.4087,2.984839,1.0,5.0,50,99.635461,-191.197873,44.635461,-406.197873,250,9.694444,5.333333,0.0,27.027778,27.027778,810.833333,0.0,0.0,0.0,0.0,0.0,-205.364539,-1016.197873,0.0,-3455.364539,-353.393539,-3603.393539,-6546.197873
H,prudente,5,0.666667,1.0,0.184,0.4,0.584,0.584,0.850667,0.266667,0,1,85.066667,4.253333,0.283556,0.212667,2.0,0.666667,0,0,0.5,326.666667,28.616,35.528267,15.98772,279.3,24.46668,303.76668,91.130004,6.164172,2.552,10.0,0,203.920504,114.033837,193.920504,84.033837,250,2.996222,0.666667,0.0,15.662889,15.662889,469.886667,0.0,0.0,0.0,0.0,0.0,-56.079496,-525.966163,0.0,-3511.444036,-211.817176,-3815.210716,-7072.164036
H,prudente,6,1.0,2.0,0.53728,0.6,1.13728,1.13728,1.53728,0.4,0,1,153.728,7.6864,0.512427,0.38432,3.0,1.0,0,0,0.5,490.0,55.72672,54.572672,24.557702,418.95,47.646346,466.596346,139.978904,9.522439,4.61184,15.0,0,312.483163,180.580763,297.483163,135.580763,250,4.396747,1.0,0.0,17.396747,17.396747,521.9024,0.0,0.0,0.0,0.0,0.0,47.483163,-474.419237,0.0,-3463.960873,-115.346503,-3930.557218,-7546.583273
H,prudente,7,1.0,3.0,1.046298,0.6,1.646298,1.646298,2.046298,0.4,0,1,204.62976,10.231488,0.682099,0.511574,3.0,1.0,0,0,0.5,490.0,80.668582,57.066858,25.680086,418.95,68.971638,487.921638,146.376491,10.060486,6.138893,15.0,0,325.345768,184.53556,310.345768,139.53556,250,4.693674,1.0,0.0,17.693674,17.693674,530.810208,0.0,0.0,0.0,0.0,0.0,60.345768,-470.46444,0.0,-3403.615105,39.020475,-3891.536743,-8017.047713
H,prudente,8,1.0,4.0,1.514594,0.6,2.114594,2.114594,2.514594,0.4,0,1,251.459379,12.572969,0.838198,0.628648,3.0,1.0,0,0,0.5,490.0,103.615096,59.36151,26.712679,418.95,88.590907,507.540907,152.262272,10.555489,7.543781,15.0,0,337.179364,188.173973,322.179364,143.173973,250,4.966846,1.0,0.0,17.966846,17.966846,539.005391,0.0,0.0,0.0,0.0,0.0,72.179364,-466.826027,0.0,-3331.43574,52.560095,-3838.976647,-8483.87374
H,prudente,9,1.0,5.0,1.945426,0.6,2.545426,2.545426,2.945426,0.4,0,1,294.542629,14.727131,0.981809,0.736357,3.0,1.0,0,0,0.5,490.0,124.725888,61.472589,27.662665,418.95,106.640634,525.590634,157.67719,11.010892,8.836279,15.0,0,348.066273,191.521313,333.066273,146.521313,250,5.218165,1.0,0.0,18.218165,18.218165,546.54496,0.0,0.0,0.0,0.0,0.0,83.066273,-463.478687,0.0,-3248.369467,65.016546,-3773.960102,-8947.352427
H,prudente,10,1.0,6.0,2.341792,0.6,2.941792,2.941792,3.341792,0.4,1,2,334.179219,16.708961,1.113931,0.835448,3.0,1.0,8,5,1.0,490.0,144.147817,63.414782,28.536652,418.95,123.246384,542.196384,162.658915,11.429863,10.025377,15.0,50,358.082229,-60.399134,293.082229,-305.399134,250,13.949379,6.0,0.0,31.949379,31.949379,958.481363,0.0,0.0,0.0,0.0,0.0,43.082229,-915.399134,0.0,-3205.287238,26.47648,-3747.483621,-9862.751561
H,prudente,11,1.0,7.0,2.706449,0.6,3.306449,3.306449,3.706449,0.4,0,2,370.644881,18.532244,1.235483,0.926612,3.0,1.0,0,0,1.0,490.0,162.015992,65.201599,29.34072,418.95,138.523673,557.473673,167.242102,11.815316,11.119346,15.0,0,367.296909,182.434055,352.296909,137.434055,250,6.162095,1.0,0.0,19.162095,19.162095,574.862854,0.0,0.0,0.0,0.0,0.0,102.296909,-472.565945,0.0,-3102.990329,87.01962,-3660.464002,-10335.317506
H,prudente,12,1.0,8.0,3.041933,0.6,3.641933,3.641933,4.041933,0.4,0,2,404.193291,20.209665,1.347311,1.010483,3.0,1.0,0,0,1.0,490.0,178.454712,66.845471,30.080462,418.95,152.578779,571.528779,171.458634,12.169932,12.125799,15.0,0,375.774414,185.040588,360.774414,140.040588,250,6.357794,1.0,0.0,19.357794,19.357794,580.733826,0.0,0.0,0.0,0.0,0.0,110.774414,-469.959412,0.0,-2992.215915,96.719308,-3563.744694,-10805.276917
H,prudente,13,1.166667,9.166667,3.350578,0.7,4.050578,4.050578,4.517245,0.466667,0,2,451.724494,22.586225,1.505748,1.129311,3.5,1.166667,0,0,1.0,571.666667,198.478335,77.0145,34.656525,488.775,169.698977,658.473977,197.542193,13.988599,13.551735,17.5,0,433.391449,219.339663,415.891449,166.839663,250,7.13506,1.166667,0.0,20.301726,20.301726,609.051786,0.0,0.0,0.0,0.0,0.0,165.891449,-443.160337,0.0,-2826.324465,78.946252,-3484.798442,-11248.437254
H,prudente,14,1.333333,10.5,3.726532,0.8,4.526532,4.526532,5.059865,0.533333,1,3,505.986534,25.299327,1.686622,1.264966,4.0,1.333333,8,5,1.5,653.333333,221.800069,87.51334,39.381003,558.6,189.639059,748.239059,224.471718,15.878413,15.179596,20.0,50,492.709332,-0.838312,422.709332,-260.838312,250,16.451588,6.333333,0.0,34.784921,34.784921,1043.547644,0.0,0.0,0.0,0.0,0.0,172.709332,-870.838312,0.0,-2653.615133,82.94425,-3401.854192,-12119.275566
H,prudente,15,1.5,12.0,4.164409,0.9,5.064409,5.064409,5.664409,0.6,0,3,566.440945,28.322047,1.888136,1.416102,4.5,1.5,0,0,1.5,735.0,248.156063,98.315606,44.242023,628.425,212.173434,840.598434,252.17953,17.833683,16.993228,22.5,0,553.591993,274.464827,531.091993,206.964827,250,9.304239,1.5,0.0,22.804239,22.804239,684.127165,0.0,0.0,0.0,0.0,0.0,281.091993,-403.035173,0.0,-2372.523141,188.732617,-3213.121575,-12522.310739
H,prudente,16,1.666667,13.666667,4.659257,1.0,5.659257,5.659257,6.325923,0.666667,0,3,632.592336,31.629617,2.108641,1.581481,5.0,1.666667,0,0,1.5,816.666667,277.303578,109.397024,49.228661,698.25,237.094559,935.344559,280.603368,19.849171,18.97777,25.0,0,615.914251,310.210592,590.914251,235.210592,250,10.190122,1.666667,0.0,23.856789,23.856789,715.703659,0.0,0.0,0.0,0.0,0.0,340.914251,-374.789408,0.0,-2031.60889,246.168125,-2966.953449,-12897.100147
H,prudente,17,1.833333,15.5,5.206516,1.1,6.306516,6.306516,7.039849,0.733333,1,4,703.984949,35.199247,2.346616,1.759962,5.5,1.833333,8,5,2.0,898.333333,309.019292,120.735263,54.330868,768.075,264.211494,1032.286494,309.685948,21.92006,21.119548,27.5,50,679.560938,91.363571,602.060938,-191.136429,250,19.606579,6.833333,0.0,38.439912,38.439912,1153.197366,0.0,0.0,0.0,0.0,0.0,352.060938,-801.136429,0.0,-1679.547953,255.119002,-2711.834447,-13698.236576
H,prudente,18,2.0,17.5,5.801995,1.2,7.001995,7.001995,7.801995,0.8,0,4,780.199487,39.009974,2.600665,1.950499,6.0,2.0,0,0,2.0,980.0,343.097748,132.309775,59.539399,837.9,293.348575,1131.248575,339.374572,24.041919,23.405985,30.0,0,744.426099,367.891189,714.426099,277.891189,250,12.551164,2.0,0.0,26.551164,26.551164,796.53491,0.0,0.0,0.0,0.0,0.0,464.426099,-332.108811,0.0,-1215.121853,365.464019,-2346.370428,-14030.345387
H,prudente,19,2.0,19.5,6.441835,1.2,7.641835,7.641835,8.441835,0.8,0,4,844.183528,42.209176,2.813945,2.110459,6.0,2.0,0,0,2.0,980.0,374.449929,135.444993,60.950247,837.9,320.154689,1158.054689,347.416407,24.718249,25.325506,30.0,0,760.594527,372.86241,730.594527,282.86241,250,12.924404,2.0,0.0,26.924404,26.924404,807.732117,0.0,0.0,0.0,0.0,0.0,480.594527,-327.13759,0.0,-734.527326,453.788413,-1892.582015,-14357.482977
H,prudente,20,2.0,21.5,7.030488,1.2,8.230488,8.230488,9.030488,0.8,1,5,903.048845,45.152442,3.010163,2.257622,6.0,2.0,8,5,2.5,980.0,403.293934,138.329393,62.248227,837.9,344.816314,1182.716314,354.814894,25.340473,27.091465,30.0,50,775.469481,122.435933,695.469481,-167.564067,250,21.767785,7.0,0.0,40.767785,40.767785,1223.033548,0.0,0.0,0.0,0.0,0.0,445.469481,-777.564067,0.0,-289.057845,420.807856,-1471.774159,-15135.047044
H,prudente,21,2.0,23.5,7.572049,1.2,8.772049,8.772049,9.572049,0.8,0,5,957.204938,47.860247,3.190683,2.393012,6.0,2.0,0,0,2.5,980.0,429.83042,140.983042,63.442369,837.9,367.505009,1205.405009,361.621503,25.912919,28.716148,30.0,0,789.154439,366.643574,759.154439,276.643574,250,14.083695,2.0,0.0,28.083695,28.083695,842.510864,0.0,0.0,0.0,0.0,0.0,509.154439,-333.356426,0.0,220.096594,486.465744,-985.308415,-15468.403469
H,prudente,22,2.0,25.5,8.070285,1.2,9.270285,9.270285,10.070285,0.8,1,6,1007.028543,50.351427,3.356762,2.517571,6.0,2.0,8,5,3.0,980.0,454.243986,143.424399,64.540979,837.9,388.378608,1226.278608,367.883582,26.43957,30.210856,30.0,50,801.7446,115.514605,721.7446,-174.485395,250,22.874333,7.0,0.0,41.874333,41.874333,1256.229995,0.0,0.0,0.0,0.0,0.0,471.7446,-784.485395,0.0,691.841193,450.871,-534.437415,-16252.888865
H,prudente,23,2.0,27.5,8.528663,1.2,9.728663,9.728663,10.528663,0.8,0,6,1052.866259,52.643313,3.509554,2.632166,6.0,2.0,0,0,3.0,980.0,476.704467,145.670447,65.551701,837.9,407.582319,1245.482319,373.644696,26.924088,31.585988,30.0,0,813.327548,359.075952,783.327548,269.075952,250,15.14172,2.0,0.0,29.14172,29.14172,874.251595,0.0,0.0,0.0,0.0,0.0,533.327548,-340.924048,0.0,1225.168741,514.123836,-20.313579,-16593.812912
H,prudente,24,2.0,29.5,8.95037,1.2,10.15037,10.15037,10.95037,0.8,0,6,1095.036959,54.751848,3.650123,2.737592,6.0,2.0,0,0,3.0,980.0,497.36811,147.736811,66.481565,837.9,425.249734,1263.149734,378.94492,27.369845,32.851109,30.0,0,823.98386,362.352392,793.98386,272.352392,250,15.387716,2.0,0.0,29.387716,29.387716,881.631468,0.0,0.0,0.0,0.0,0.0,543.98386,-337.647608,0.0,1769.1526,526.316445,506.002867,-16931.46052
H,centrale,1,1.0,1.0,0,0.6,0.6,0.6,1.0,0.4,1,1,100.0,5.0,0.333333,0.25,3.0,1.0,8,5,0.5,490.0,29.4,25.97,14.8029,451.535,27.0921,478.6271,143.58813,9.429769,3.0,15.0,50,322.609201,-39.890799,257.609201,-284.890799,250,12.083333,6.0,13.333333,30.083333,43.416667,902.5,0.0,0.0,0.0,0.0,0.0,7.609201,-894.890799,400.0,-2492.390799,-471.017899,-2971.017899,-3794.890799
H,centrale,2,1.2,2.2,0.57,0.72,1.29,1.29,1.77,0.48,0,1,177.0,8.85,0.59,0.4425,3.6,1.2,0,0,0.5,588.0,63.21,32.5605,18.559485,541.842,58.248015,600.090015,180.027005,11.943786,5.31,18.0,0,402.809225,248.834225,384.809225,194.834225,250,5.1325,1.2,13.333333,18.3325,31.665833,549.975,0.0,0.0,0.0,0.0,0.0,134.809225,-415.165775,400.0,-2357.581574,13.34631,-2957.671589,-4610.056574
H,centrale,3,1.4,3.6,1.2255,0.84,2.0655,2.0655,2.6255,0.56,0,1,262.55,13.1275,0.875167,0.656375,4.2,1.4,0,0,0.5,686.0,101.2095,39.360475,22.435471,632.149,93.264554,725.413554,217.624066,14.552012,7.8765,21.0,0,485.360976,298.414726,464.360976,235.414726,250,6.231542,1.4,13.333333,19.631542,32.964875,588.94625,0.0,0.0,0.0,0.0,0.0,214.360976,-374.585274,400.0,-2143.220599,89.037437,-2868.634153,-5384.641849
H,centrale,4,1.6,5.2,1.962225,0.96,2.922225,2.922225,3.562225,0.64,1,2,356.2225,17.811125,1.187408,0.890556,4.8,1.6,8,5,1.0,784.0,143.189025,46.359451,26.424887,722.456,131.948687,854.404687,256.321406,17.249737,10.686675,24.0,50,570.146868,93.807931,496.146868,-178.192069,250,15.877965,6.6,0.0,34.477965,34.477965,1034.338937,0.0,0.0,0.0,0.0,0.0,246.146868,-788.192069,0.0,-1897.07373,117.155736,-2751.478417,-6172.833918
H,centrale,5,1.8,7.0,2.776114,1.08,3.856114,3.856114,4.576114,0.72,0,2,457.611375,22.880569,1.525371,1.144028,5.4,1.8,0,0,1.0,882.0,188.949574,53.547479,30.522063,812.763,174.117032,986.880032,296.06401,20.032487,13.728341,27.0,0,657.055195,384.973204,630.055195,303.973204,250,9.0694,1.8,0.0,22.8694,22.8694,686.081991,0.0,0.0,0.0,0.0,0.0,380.055195,-306.026796,0.0,-1517.018536,247.579849,-2503.898568,-6478.860714
H,centrale,6,2.0,9.0,3.663308,1.2,4.863308,4.863308,5.663308,0.8,0,2,566.330806,28.31654,1.887769,1.415827,6.0,2.0,0,0,1.0,980.0,238.302095,60.915105,34.72161,903.07,219.595381,1122.665381,336.799614,22.896009,16.989924,30.0,0,745.979833,436.871942,715.979833,346.871942,250,10.303596,2.0,0.0,24.303596,24.303596,729.107891,0.0,0.0,0.0,0.0,0.0,465.979833,-263.128058,0.0,-1051.038703,330.194485,-2173.704083,-6741.988772
H,centrale,7,2.166667,11.166667,4.620143,1.3,5.920143,5.920143,6.786809,0.866667,1,3,678.680933,33.934047,2.26227,1.696702,6.5,2.166667,8,5,1.5,1061.666667,290.08699,67.587683,38.524979,978.325833,267.315162,1245.640995,373.692298,25.52194,20.360428,32.5,50,826.066329,227.297166,743.566329,-70.202834,250,19.958972,7.166667,0.0,39.125639,39.125639,1173.769163,0.0,0.0,0.0,0.0,0.0,493.566329,-680.202834,0.0,-557.472374,370.590714,-1803.113369,-7422.191606
H,centrale,8,2.333333,13.5,5.624136,1.4,7.024136,7.024136,7.957469,0.933333,0,3,795.746886,39.787344,2.65249,1.989367,7.0,2.333333,0,0,1.5,1143.333333,344.182641,74.375799,42.394205,1053.581667,317.164303,1370.74597,411.223791,28.199832,23.872407,35.0,0,907.44994,513.194235,872.44994,408.194235,250,13.141857,2.333333,0.0,27.47519,27.47519,824.255705,0.0,0.0,0.0,0.0,0.0,622.44994,-201.805765,0.0,64.977566,497.344965,-1305.768404,-7623.997371
H,centrale,9,2.5,16.0,6.672929,1.5,8.172929,8.172929,9.172929,1.0,1,4,917.292875,45.864644,3.057643,2.293232,7.5,2.5,8,5,2.0,1225.0,400.473509,81.273675,46.325995,1128.8375,369.036338,1497.873838,449.362151,30.927089,27.518786,37.5,50,990.065811,304.539558,902.565811,-7.960442,250,22.850875,7.5,0.0,42.350875,42.350875,1270.526253,0.0,0.0,0.0,0.0,0.0,652.565811,-617.960442,0.0,717.543378,525.437943,-780.330461,-8241.957813
H,centrale,10,2.666667,18.666667,7.764282,1.6,9.364282,9.364282,10.430949,1.066667,0,4,1043.094898,52.154745,3.476983,2.607737,8.0,2.666667,0,0,2.0,1306.666667,458.849833,88.275825,50.31722,1204.093333,422.830121,1626.923455,488.077036,33.701242,31.292847,40.0,0,1073.85233,591.310723,1033.85233,471.310723,250,16.08472,2.666667,0.0,30.751387,30.751387,922.541607,0.0,0.0,0.0,0.0,0.0,783.85233,-138.689277,0.0,1501.395708,654.802713,-125.527747,-8380.64709
H,centrale,11,2.833333,21.5,8.896068,1.7,10.596068,10.596068,11.729402,1.133333,1,5,1172.940153,58.647008,3.909801,2.93235,8.5,2.833333,8,5,2.5,1388.333333,519.207342,95.377034,54.364909,1279.349167,478.449565,1757.798732,527.33962,36.519945,35.188205,42.5,50,1158.750963,383.486436,1066.250963,55.986436,250,25.842151,7.833333,0.0,45.675484,45.675484,1370.264527,0.0,0.0,0.0,0.0,0.0,816.250963,-554.013564,0.0,2317.64667,685.375686,559.847938,-8934.660654
H,centrale,12,3.0,24.5,10.066265,1.8,11.866265,11.866265,13.066265,1.2,0,5,1306.626479,65.331324,4.355422,3.266566,9.0,3.0,0,0,2.5,1470.0,581.446975,102.572349,58.466239,1354.605,535.803387,1890.408387,567.122516,39.380972,39.198794,45.0,0,1244.706105,671.046471,1199.706105,536.046471,250,19.121988,3.0,0.0,34.121988,34.121988,1023.659634,0.0,0.0,0.0,0.0,0.0,949.706105,-73.953529,0.0,3267.352775,817.09645,1376.944388,-9008.614183
H,centrale,13,3.166667,27.666667,11.272952,1.9,13.172952,13.172952,14.439618,1.266667,1,6,1443.961821,72.198091,4.813206,3.609905,9.5,3.166667,8,5,3.0,1551.666667,645.474626,109.857065,62.618527,1429.860833,594.804868,2024.665701,607.39971,42.282206,43.318855,47.5,50,1331.66493,463.971611,1234.16493,121.471611,250,28.923111,8.166667,0.0,49.089777,49.089777,1472.693319,0.0,0.0,0.0,0.0,0.0,984.16493,-488.528389,0.0,4251.517705,849.907616,2226.852004,-9497.142572
H,centrale,14,3.333333,31.0,12.514304,2.0,14.514304,14.514304,15.847637,1.333333,1,7,1584.76373,79.238187,5.282546,3.961909,10.0,3.333333,8,5,3.5,1633.333333,711.200895,117.226711,66.819225,1505.116667,655.371624,2160.488291,648.146487,45.221637,47.542912,50.0,50,1419.577255,497.243602,1319.577255,147.243602,250,30.744455,8.333333,0.0,51.077788,51.077788,1532.333653,0.0,0.0,0.0,0.0,0.0,1069.577255,-462.756398,0.0,5321.09496,933.754665,3160.606669,-9959.89897
H,centrale,15,3.5,34.5,13.788589,2.1,15.888589,15.888589,17.288589,1.4,0,7,1728.858877,86.442944,5.762863,4.322147,10.5,3.5,0,0,3.5,1715.0,778.54085,124.677042,71.065914,1580.3725,717.425393,2297.797893,689.339368,48.197355,51.865766,52.5,0,1508.395404,785.8451,1455.895404,628.3451,250,24.08501,3.5,0.0,39.58501,39.58501,1187.550304,0.0,0.0,0.0,0.0,0.0,1205.895404,18.3451,0.0,6526.990364,1068.585802,4229.192471,-9941.553869
H,centrale,16,3.666667,38.166667,15.094159,2.2,17.294159,17.294159,18.760826,1.466667,1,8,1876.0826,93.80413,6.253609,4.690206,11.0,3.666667,8,5,4.0,1796.666667,847.413807,132.204024,75.356294,1655.628333,780.891823,2436.520157,730.956047,51.207546,56.282478,55.0,50,1598.074086,579.759631,1493.074086,214.759631,250,33.943815,8.666667,0.0,54.610482,54.610482,1638.314455,0.0,0.0,0.0,0.0,0.0,1243.074086,-395.240369,0.0,7770.06445,1104.351823,5333.544294,-10336.794238
H,centrale,17,3.833333,42.0,16.429451,2.3,18.729451,18.729451,20.262785,1.533333,1,9,2026.27847,101.313923,6.754262,5.065696,11.5,3.833333,8,5,4.5,1878.333333,917.743117,139.803823,79.688179,1730.884167,845.700282,2576.584449,772.975335,54.250485,60.788354,57.5,50,1688.570275,613.971543,1581.070275,241.471543,250,35.819958,8.833333,0.0,56.653291,56.653291,1699.598732,0.0,0.0,0.0,0.0,0.0,1331.070275,-368.528457,0.0,9101.134725,1191.005983,6524.550276,-10705.322695
H,centrale,18,4.0,46.0,17.792979,2.4,20.192979,20.192979,21.792979,1.6,1,10,2179.29788,108.964894,7.264326,5.448245,12.0,4.0,8,5,5.0,1960.0,989.455961,147.472798,84.059495,1806.14,911.783668,2717.923668,815.3771,57.324537,65.378936,60.0,50,1779.843095,648.465966,1669.843095,268.465966,250,37.712571,9.0,0.0,58.712571,58.712571,1761.377129,0.0,0.0,0.0,0.0,0.0,1419.843095,-341.534034,0.0,10520.97782,1278.503876,7803.054152,-11046.85673
H,centrale,19,4.166667,50.166667,19.18333,2.5,21.68333,21.68333,23.349997,1.666667,1,11,2334.999653,116.749983,7.783332,5.837499,12.5,4.166667,8,5,5.5,2041.666667,1062.483163,155.207491,88.46827,1881.395833,979.078235,2860.474068,858.14222,60.428144,70.04999,62.5,50,1871.853714,683.228775,1759.353714,295.728775,250,39.620831,9.166667,0.0,60.787498,60.787498,1823.624939,0.0,0.0,0.0,0.0,0.0,1509.353714,-314.271225,0.0,12030.331534,1366.803314,9169.857466,-11361.127955
H,centrale,20,4.333333,54.5,20.599163,2.6,23.199163,23.199163,24.932497,1.733333,0,11,2493.24967,124.662483,8.310832,6.233124,13.0,4.333333,0,0,5.5,2123.333333,1136.759005,163.004617,92.912632,1956.651667,1047.523423,3004.17509,901.252527,63.559829,74.79749,65.0,0,1964.565243,973.246551,1899.565243,778.246551,250,33.043956,4.333333,0.0,49.37729,49.37729,1481.318692,0.0,0.0,0.0,0.0,0.0,1649.565243,168.246551,0.0,13679.896777,1505.864222,10675.721688,-11192.881404
H,centrale,21,4.5,59.0,22.039205,2.7,24.739205,24.739205,26.539205,1.8,1,12,2653.92052,132.696026,8.846402,6.634801,13.5,4.5,8,5,6.0,2205.0,1212.221055,170.861053,97.3908,2031.9075,1117.061702,3148.969202,944.690761,66.718189,79.617616,67.5,50,2057.942636,768.506545,1940.442636,366.006545,250,42.981203,9.5,0.0,64.481203,64.481203,1934.436091,0.0,0.0,0.0,0.0,0.0,1690.442636,-243.993455,0.0,15370.339414,1545.648524,12221.370212,-11436.874858
H,centrale,22,4.666667,63.666667,23.502245,2.8,26.302245,26.302245,28.168912,1.866667,1,13,2816.89116,140.844558,9.389637,7.042228,14.0,4.666667,8,5,6.5,2286.666667,1288.810002,178.773833,101.901085,2107.163333,1187.638417,3294.80175,988.440525,69.90189,84.506735,70.0,50,2151.9526,803.996647,2031.9526,393.996647,250,44.931865,9.666667,0.0,66.598532,66.598532,1997.955953,0.0,0.0,0.0,0.0,0.0,1781.9526,-216.003353,0.0,17152.292014,1636.120052,13857.490264,-11652.878211
H,centrale,23,4.833333,68.5,24.987133,2.9,27.887133,27.887133,29.820466,1.933333,1,14,2982.046602,149.10233,9.940155,7.455117,14.5,4.833333,8,5,7.0,2368.333333,1366.469502,186.740142,106.441881,2182.419167,1259.201646,3441.620813,1032.486244,73.109664,89.461398,72.5,50,2246.563507,839.705352,2124.063507,422.205352,250,46.895272,9.833333,0.0,68.728605,68.728605,2061.858155,0.0,0.0,0.0,0.0,0.0,1874.063507,-187.794648,0.0,19026.355521,1727.244444,15584.734709,-11840.672859
H,centrale,24,5.0,73.5,26.492776,3.0,29.492776,29.492776,31.492776,2.0,1,15,3149.277606,157.46388,10.497592,7.873194,15.0,5.0,8,5,7.5,2450.0,1445.146027,194.757301,111.011662,2257.675,1331.702064,3589.377064,1076.813119,76.340308,94.478328,75.0,50,2341.745309,875.621728,2216.745309,450.621728,250,48.870786,10.0,0.0,70.870786,70.870786,2126.123581,0.0,0.0,0.0,0.0,0.0,1966.745309,-159.378272,0.0,20993.10083,1818.989058,17403.723766,-12000.051132
H,favorevole,1,1.0,1.0,0,0.6,0.6,0.6,1.0,0.4,1,1,100.0,5.0,0.333333,0.25,3.0,1.0,8,5,0.5,490.0,29.4,10.388,7.63518,472.997,28.37982,501.37682,150.413046,9.71492,3.0,15.0,50,338.248854,-24.251146,273.248854,-269.251146,250,12.083333,6.0,13.333333,30.083333,43.416667,902.5,0.0,0.0,0.0,0.0,0.0,23.248854,-879.251146,400.0,-2476.751146,-478.127966,-2978.127966,-3779.251146
H,favorevole,2,1.4,2.4,0.582,0.84,1.422,1.422,1.982,0.56,0,1,198.2,9.91,0.660667,0.4955,4.2,1.4,0,0,0.5,686.0,69.678,15.11356,11.108467,662.1958,67.260173,729.455973,218.836792,14.257829,5.946,21.0,0,490.415352,314.730352,469.415352,251.730352,250,5.856167,1.4,13.333333,19.256167,32.5895,577.685,0.0,0.0,0.0,0.0,0.0,219.415352,-358.269648,400.0,-2257.335793,-8.663801,-2986.791767,-4537.520793
H,favorevole,3,1.8,4.2,1.37934,1.08,2.45934,2.45934,3.17934,0.72,0,1,317.934,15.8967,1.05978,0.794835,5.4,1.8,0,0,0.5,882.0,120.50766,20.050153,14.736863,851.3946,116.326044,967.720644,290.316193,19.043807,9.53802,27.0,0,648.822624,416.184174,621.822624,335.184174,250,7.754615,1.8,13.333333,21.554615,34.887948,646.63845,0.0,0.0,0.0,0.0,0.0,371.822624,-274.815826,400.0,-1885.51317,133.557953,-2853.233814,-5212.33662
H,favorevole,4,2.2,6.4,2.38556,1.32,3.70556,3.70556,4.58556,0.88,1,2,458.55598,22.927799,1.52852,1.14639,6.6,2.2,8,5,1.0,1078.0,181.57243,25.191449,18.515715,1040.5934,175.271867,1215.865267,364.75958,24.065562,13.756679,33.0,50,813.283445,265.036149,730.283445,-33.963851,250,18.27491,7.2,0.0,37.47491,37.47491,1124.247297,0.0,0.0,0.0,0.0,0.0,480.283445,-643.963851,0.0,-1405.229724,232.138823,-2621.094991,-5856.300471
H,favorevole,5,2.6,9.0,3.594393,1.56,5.154393,5.154393,6.194393,1.04,0,2,619.439301,30.971965,2.064798,1.548598,7.8,2.6,0,0,1.0,1274.0,252.565257,30.531305,22.440509,1229.7922,243.801243,1473.593443,442.078033,29.31602,18.583179,39.0,0,983.616211,611.214334,944.616211,494.214334,250,12.413396,2.6,0.0,27.013396,27.013396,810.401878,0.0,0.0,0.0,0.0,0.0,694.616211,-115.785666,0.0,-710.613513,436.888035,-2184.206956,-5972.086137
H,favorevole,6,3.0,12.0,4.999761,1.8,6.799761,6.799761,7.999761,1.2,1,3,799.976122,39.998806,2.666587,1.99994,9.0,3.0,8,5,1.5,1470.0,333.1883,36.063766,26.506868,1418.991,321.626666,1740.617666,522.1853,34.788319,23.999284,45.0,50,1159.644763,464.648942,1064.644763,129.648942,250,23.166527,8.0,0.0,43.166527,43.166527,1294.995821,0.0,0.0,0.0,0.0,0.0,814.644763,-480.351058,0.0,104.03125,547.62054,-1636.586416,-6452.437195
H,favorevole,7,3.333333,15.333333,6.595768,2.0,8.595768,8.595768,9.929102,1.333333,1,4,992.910171,49.645509,3.309701,2.482275,10.0,3.333333,8,5,2.0,1633.333333,421.192651,41.09052,30.201532,1576.656667,406.577266,1983.233932,594.97018,39.828144,29.787305,50.0,50,1318.648303,544.889023,1218.648303,194.889023,250,25.791976,8.333333,0.0,46.125309,46.125309,1383.75928,0.0,0.0,0.0,0.0,0.0,968.648303,-415.110977,0.0,1072.679553,726.032036,-910.554379,-6867.548172
H,favorevole,8,3.666667,19.0,8.337895,2.2,10.537895,10.537895,12.004562,1.466667,0,4,1200.456199,60.02281,4.001521,3.00114,11.0,3.666667,0,0,2.0,1796.666667,516.356871,46.260471,34.001446,1734.322333,498.439288,2232.761621,669.828486,45.032905,36.013686,55.0,0,1481.886544,881.806709,1426.886544,716.806709,250,20.002661,3.666667,0.0,35.669328,35.669328,1070.079835,0.0,0.0,0.0,0.0,0.0,1176.886544,106.806709,0.0,2249.566097,927.358855,16.804476,-6760.741463
H,favorevole,9,4.0,23.0,10.221758,2.4,12.621758,12.621758,14.221758,1.6,1,5,1422.175847,71.108792,4.740586,3.55544,12.0,4.0,8,5,2.5,1960.0,618.466165,51.569323,37.903453,1891.988,597.005389,2488.993389,746.698017,50.397652,42.665275,60.0,50,1649.232445,725.351672,1539.232445,345.351672,250,30.796026,9.0,0.0,51.796026,51.796026,1553.880773,0.0,0.0,0.0,0.0,0.0,1289.232445,-264.648328,0.0,3538.798542,1033.000677,1049.805153,-7025.389791
H,favorevole,10,4.333333,27.333333,12.243106,2.6,14.843106,14.843106,16.576439,1.733333,1,6,1657.643905,82.882195,5.52548,4.14411,13.0,4.333333,8,5,3.0,2123.333333,727.31218,57.01291,41.904489,2049.653667,702.074447,2751.728114,825.518434,55.917586,49.729317,65.0,50,1820.562776,810.475093,1705.562776,415.475093,250,33.669589,9.333333,0.0,55.002923,55.002923,1650.087683,0.0,0.0,0.0,0.0,0.0,1455.562776,-194.524907,0.0,4994.361318,1192.828051,2242.633204,-7219.914698
H,favorevole,11,4.666667,32.0,14.397813,2.8,17.197813,17.197813,19.064479,1.866667,1,7,1906.447921,95.322396,6.354826,4.76612,14.0,4.666667,8,5,3.5,2286.666667,842.692815,62.58719,46.001584,2207.319333,813.451374,3020.770707,906.231212,61.588053,57.193438,70.0,50,1995.758005,897.129619,1875.758005,487.129619,250,36.620946,9.666667,0.0,58.287613,58.287613,1748.628386,0.0,0.0,0.0,0.0,0.0,1625.758005,-122.870381,0.0,6620.119323,1356.715411,3599.348616,-7342.78508
H,favorevole,12,5.0,37.0,16.681878,3.0,19.681878,19.681878,21.681878,2.0,1,8,2168.187817,108.409391,7.227293,5.42047,15.0,5.0,8,5,4.0,2450.0,964.41203,68.288241,50.191857,2364.985,930.946933,3295.931933,988.77958,67.404535,65.045634,75.0,50,2174.702184,985.269316,2049.702184,560.269316,250,39.647762,10.0,0.0,61.647762,61.647762,1849.432868,0.0,0.0,0.0,0.0,0.0,1799.702184,-49.730684,0.0,8419.821507,1524.540958,5123.889574,-7392.515764
H,favorevole,13,5.333333,42.333333,19.091422,3.2,22.291422,22.291422,24.424755,2.133333,1,9,2442.475515,122.123776,8.141585,6.106189,16.0,5.333333,8,5,4.5,2613.333333,1092.279669,74.11226,54.472511,2522.650667,1054.377565,3577.028231,1073.108469,73.362652,73.274265,80.0,50,2357.282844,1074.849629,2227.282844,634.849629,250,42.747774,10.333333,0.0,65.081107,65.081107,1952.433215,0.0,0.0,0.0,0.0,0.0,1977.282844,24.849629,0.0,10397.104351,1696.186545,6820.076119,-7367.666135
H,favorevole,14,5.666667,48.0,21.622679,3.4,25.022679,25.022679,27.289346,2.266667,1,10,2728.934583,136.446729,9.096449,6.822336,17.0,5.666667,8,5,5.0,2776.666667,1226.111279,80.055559,58.840836,2680.316333,1183.565218,3863.881551,1159.164465,79.458156,81.868038,85.0,50,2543.390892,1165.82734,2408.390892,710.82734,250,45.918785,10.666667,0.0,68.585452,68.585452,2057.563552,0.0,0.0,0.0,0.0,0.0,2158.390892,100.82734,0.0,12555.495243,1871.537572,8691.613692,-7266.838795
H,favorevole,15,6.0,54.0,24.271999,3.6,27.871999,27.871999,30.271999,2.4,1,11,3027.199879,151.359994,10.090666,7.568,18.0,6.0,8,5,5.5,2940.0,1365.727941,86.114559,63.294201,2837.982,1318.337181,4156.319181,1246.895754,85.686925,90.815996,90.0,50,2732.920506,1258.160527,2592.920506,788.160527,250,49.158666,11.0,0.0,72.158666,72.158666,2164.759979,0.0,0.0,0.0,0.0,0.0,2342.920506,178.160527,0.0,14898.415749,2050.482876,10742.096568,-7088.678268
H,favorevole,16,6.333333,60.333333,27.035839,3.8,30.835839,30.835839,33.369172,2.533333,2,13,3336.917216,166.845861,11.123057,8.342293,19.0,6.333333,16,10,6.5,3103.333333,1510.956103,92.285789,67.830055,2995.647667,1458.525926,4454.173592,1336.252078,92.04496,100.107516,95.0,100,2925.769038,1096.808526,2730.769038,411.808526,250,60.96535,16.333333,0.0,89.298684,89.298684,2678.960513,0.0,0.0,0.0,0.0,0.0,2480.769038,-198.191474,0.0,17379.184787,2182.914627,12925.011195,-7286.869742
H,favorevole,17,6.666667,67.0,29.910764,4.0,33.910764,33.910764,36.57743,2.666667,1,14,3657.743033,182.887152,12.192477,9.144358,20.0,6.666667,8,5,7.0,3266.666667,1661.627419,98.565882,72.445923,3153.313333,1603.968948,4757.282281,1427.184684,98.528384,109.732291,100.0,50,3121.836922,1431.731891,2971.836922,931.731891,250,56.336834,11.666667,0.0,80.003501,80.003501,2400.105031,0.0,0.0,0.0,0.0,0.0,2721.836922,321.731891,0.0,20101.02171,2418.728233,15343.739428,-6965.137851
H,favorevole,18,7.0,74.0,32.893441,4.2,37.093441,37.093441,39.893441,2.8,1,15,3989.344075,199.467204,13.297814,9.97336,21.0,7.0,8,5,7.5,3430.0,1817.578597,104.951572,77.139405,3310.979,1754.50862,5065.48762,1519.646286,105.133435,119.680322,105.0,50,3321.027577,1527.892364,3166.027577,1012.892364,250,59.771174,12.0,0.0,83.771174,83.771174,2513.135213,0.0,0.0,0.0,0.0,0.0,2916.027577,402.892364,0.0,23017.049286,2607.822238,17951.561667,-6562.245487
H,favorevole,19,7.333333,81.333333,35.980638,4.4,40.380638,40.380638,43.313971,2.933333,2,17,4331.397086,216.569854,14.43799,10.828493,22.0,7.333333,16,10,8.5,3593.333333,1978.651239,111.439691,81.908173,3468.644667,1909.992041,5378.636708,1613.591012,111.856464,129.941913,110.0,100,3523.247319,1370.252829,3313.247319,640.252829,250,71.766483,17.333333,0.0,101.099816,101.099816,3032.99449,0.0,0.0,0.0,0.0,0.0,3063.247319,30.252829,0.0,26080.296605,2750.098231,20701.659897,-6531.992659
H,favorevole,20,7.666667,89.0,39.169218,4.6,43.769218,43.769218,46.835885,3.066667,1,18,4683.588507,234.179425,15.611962,11.708971,23.0,7.666667,8,5,9.0,3756.666667,2144.691702,118.027167,86.749968,3626.310333,2070.2709,5696.581233,1708.97437,118.693932,140.507655,115.0,50,3728.405276,1708.777287,3563.405276,1163.777287,250,67.320933,12.666667,0.0,91.9876,91.9876,2759.627989,0.0,0.0,0.0,0.0,0.0,3313.405276,553.777287,0.0,29393.701881,2995.46075,23697.120648,-5978.215372
H,favorevole,21,8.0,97.0,42.456142,4.8,47.256142,47.256142,50.456142,3.2,2,20,5045.614185,252.280709,16.818714,12.614035,24.0,8.0,16,10,10.0,3920.0,2315.550951,124.711019,91.662599,3783.976,2235.201333,6019.177333,1805.7532,125.642406,151.368426,120.0,100,3936.413301,1553.430819,3716.413301,793.430819,250,79.432749,18.0,0.0,109.432749,109.432749,3282.982482,0.0,0.0,0.0,0.0,0.0,3466.413301,183.430819,0.0,32860.115182,3143.817202,26840.937849,-5794.784553
H,favorevole,22,8.333333,105.333333,45.838458,5.0,50.838458,50.838458,54.171791,3.333333,2,22,5417.179093,270.858955,18.057264,13.542948,25.0,8.333333,16,10,11.0,4083.333333,2491.084422,131.488355,96.643941,3941.641667,2404.643793,6346.285459,1903.885638,132.698556,162.515373,125.0,100,4147.185893,1639.179552,3922.185893,864.179552,250,83.600211,18.333333,0.0,113.933545,113.933545,3418.006341,0.0,0.0,0.0,0.0,0.0,3672.185893,254.179552,0.0,36532.301075,3345.077766,30186.015616,-5540.605001
H,favorevole,23,8.666667,114.0,49.313304,5.2,54.513304,54.513304,57.979971,3.466667,1,23,5797.997054,289.899853,19.326657,14.494993,26.0,8.666667,8,5,11.5,4246.666667,2671.15189,138.356371,101.691933,4099.307333,2578.462919,6677.770252,2003.331076,139.859151,173.939912,130.0,50,4360.640114,1980.99063,4180.640114,1390.99063,250,79.321649,13.666667,0.0,104.988316,104.988316,3149.649484,0.0,0.0,0.0,0.0,0.0,3930.640114,780.99063,0.0,40462.941189,3599.155322,33785.170937,-4759.614371
H,favorevole,24,9.0,123.0,52.877905,5.4,58.277905,58.277905,61.877905,3.6,2,25,6187.790475,309.389524,20.625968,15.469476,27.0,9.0,16,10,12.5,4410.0,2855.617333,145.312347,106.804575,4256.973,2756.527411,7013.500411,2104.050123,147.121057,185.633714,135.0,100,4576.695516,1828.832183,4341.695516,1023.832183,250,91.595444,19.0,0.0,122.595444,122.595444,3677.863333,0.0,0.0,0.0,0.0,0.0,4091.695516,413.832183,0.0,44554.636706,3755.965357,37541.136294,-4345.782188
