offer,scenario,horizon_months,installed_customers,active_subscribers_exit,subscriber_months,serviced_customer_months,enabled_partners_exit,partner_enable_hours,partner_sales_hours,partner_support_hours,partner_cash_cac,candidate_entries_supported,exception_hours,setup_revenue_net,monthly_revenue_net,revenue_net,partner_revenue_share,payment_cost,tool_cost,customer_cash_cac,contribution_cash_before_acquisition,contribution_economic_before_acquisition,contribution_cash_after_acquisition,contribution_economic_after_acquisition,fixed_cash,operating_cash,operating_economic,startup_cash,startup_founder_hours,project_economic,cash_after_startup,max_cash_deficit,cash_reserve,cash_requirement_with_reserve,cash_requirement_30d_with_reserve,cash_requirement_founder_draws,founder_hours_including_startup,contractor_hours,contractor_cash,founder_earnings_per_hour,operating_economic_exit_month,setup_revenue_exit_month,monthly_revenue_exit_month,founder_hours_exit_month,new_installed_customers_exit_month
F,prudente,12,8.0,6.069888,30.196286,30.196286,0,0,0,0.0,0,3019.628597,10.065429,1019.16,1265.073401,2284.233401,0.0,53.55062,90.588858,320.0,2140.093923,1131.658918,1820.093923,91.658918,3000,-1179.906077,-7228.341082,3000.0,100.0,-13228.341082,-4179.906077,4307.685826,1000,5307.685826,5620.281422,15827.010211,301.6145,0.0,0.0,-13.858439,-551.859826,127.395,254.297965,20.540768,1.0
F,prudente,24,29.5,16.917283,174.20125,174.20125,0,0,0,0.0,0,17420.124959,58.067083,3758.1525,7298.161352,11056.313852,0.0,263.904832,522.603749,1180.0,10269.805271,5451.283403,9089.805271,1616.283403,6000,3089.805271,-13023.716597,3000.0,100.0,-19023.716597,89.805271,4307.685826,1000,5307.685826,5620.281422,22641.873936,637.117396,0.0,0.0,0.140956,-396.554873,254.79,708.749556,31.868415,2.0
F,centrale,12,24.5,19.777108,114.234948,114.234948,0,0,0,0.0,0,11423.494841,38.078316,3363.93575,5158.107743,8522.043493,0.0,195.460434,342.704845,980.0,7983.878214,4514.766617,7003.878214,1329.766617,3000,4003.878214,-5990.233383,3000.0,100.0,-11990.233383,1003.878214,3162.868453,1000,4162.868453,4486.965634,16208.531552,433.137053,0.0,0.0,2.317692,-310.827367,411.9105,893.005645,38.536646,3.0
F,centrale,24,73.5,49.154627,536.062092,536.062092,0,0,0,0.0,0,53606.209156,178.687364,10091.80725,24205.079651,34296.886901,0.0,799.434884,1608.186275,2940.0,31889.265743,18098.17914,28949.265743,8543.17914,6000,22949.265743,-6096.82086,3000.0,100.0,-12096.82086,19949.265743,3162.868453,1000,4162.868453,4486.965634,19587.768925,1068.202887,0.0,0.0,18.67554,269.987503,686.5175,2219.503439,65.673532,5.0
F,favorevole,12,37.0,32.80313,172.698788,172.698788,0,0,0,0.0,0,17269.87877,57.566263,5321.6989,8168.600849,13490.299749,0.0,303.056662,518.096363,1480.0,12669.146724,7426.917939,11189.146724,2616.917939,3000,8189.146724,-4703.082061,3000.0,100.0,-10703.082061,5189.146724,3112.335871,1000,4112.335871,4456.519169,16505.246401,529.740959,0.0,0.0,9.795631,-13.375338,719.1485,1551.578221,56.135159,5.0
F,favorevole,24,123.0,97.129841,959.468466,959.468466,0,0,0,0.0,0,95946.846609,319.822822,17691.0531,45382.570605,63073.623705,0.0,1442.441801,2878.405398,4920.0,58752.776506,34582.07835,53832.776506,18592.07835,6000,47832.776506,3952.07835,3000.0,100.0,-2047.92165,44832.776506,3112.335871,1000,4112.335871,4456.519169,21682.398727,1562.689939,0.0,0.0,28.689489,1441.58155,1294.4673,4594.212352,113.659074,9.0
G,prudente,12,8.0,3.641933,18.117772,21.317772,0,0,0,0.0,0,2131.777158,7.105924,3351.6,759.04404,4110.64404,0.0,85.713428,63.953315,320.0,3960.977298,2627.916295,3640.977298,1587.916295,3000,640.977298,-5732.083705,2500.0,40.0,-9432.083705,-1859.022702,3369.289173,1000,4369.289173,4655.039611,12104.285183,252.435367,0.0,0.0,-7.364351,-383.500778,418.95,152.578779,21.357794,1.0
G,prudente,24,29.5,10.15037,104.52075,116.32075,0,0,0,0.0,0,11632.074976,38.773583,12359.025,4378.896811,16737.921811,0.0,355.930418,348.962249,1180.0,16033.029144,10457.416023,14853.029144,6622.416023,6000,8853.029144,-8017.583977,2500.0,40.0,-11717.583977,6353.029144,3369.289173,1000,4369.289173,4655.039611,15382.47838,602.353771,0.0,0.0,10.547007,-98.702688,837.9,425.249734,32.387716,2.0
G,centrale,12,24.5,11.866265,68.540969,78.340969,0,0,0,0.0,0,7834.096905,26.113656,11062.6075,3094.864646,14157.472146,0.0,290.35482,235.022907,980.0,13632.094419,9321.12746,12652.094419,6136.12746,3000,9652.094419,-1183.87254,2500.0,40.0,-4883.87254,7152.094419,2500,1000,3500,3802.429769,9822.135952,401.198899,0.0,0.0,17.826805,223.168987,1354.605,535.803387,40.621988,3.0
G,centrale,24,73.5,29.492776,321.637255,351.037255,0,0,0,0.0,0,35103.725494,117.012418,33187.8225,14523.047791,47710.870291,0.0,998.896609,1053.111765,2940.0,45658.861917,30695.709956,42718.861917,21140.709956,6000,36718.861917,6500.709956,2500.0,40.0,2800.709956,34218.861917,2500,1000,3500,3802.429769,12049.527794,1047.271732,0.0,0.0,32.674292,1007.434847,2257.675,1331.702064,65.370786,5.0
G,favorevole,12,37.0,19.681878,103.619273,118.419273,0,0,0,0.0,0,11841.927262,39.473091,17500.889,4901.160509,22402.049509,0.0,451.355332,355.257818,1480.0,21595.436359,15083.099089,20115.436359,10273.099089,3000,17115.436359,2953.099089,2500.0,40.0,-746.900911,14615.436359,2500,1000,3500,3802.71492,10731.273463,512.077909,0.0,0.0,28.541431,924.048895,2364.985,930.946933,59.647762,5.0
G,favorevole,24,123.0,58.277905,575.68108,624.88108,0,0,0,0.0,0,62488.107965,208.293693,58178.631,27229.542363,85408.173363,0.0,1761.44141,1874.643239,4920.0,81772.088715,56076.669821,76852.088715,40086.669821,6000,70852.088715,25446.669821,2500.0,40.0,21746.669821,68352.088715,2500,1000,3500,3802.71492,15361.564859,1553.513963,0.0,0.0,43.998374,2737.882307,4256.973,2756.527411,111.095444,9.0
H,prudente,12,8.0,3.641933,18.117772,21.317772,2,16,10,6.0,100,2131.777158,7.105924,3351.6,759.04404,4110.64404,1233.193212,85.713428,63.953315,120.0,2727.784085,974.723083,2507.784085,214.723083,3000,-492.215915,-7105.276917,2500.0,40.0,-10805.276917,-2992.215915,3511.444036,1000,4511.444036,4930.557218,13297.478395,260.435367,0.0,0.0,-11.489284,-469.959412,418.95,152.578779,19.357794,1.0
H,prudente,24,29.5,10.15037,104.52075,116.32075,6,48,30,31.5,300,11632.074976,38.773583,12359.025,4378.896811,16737.921811,5021.376543,355.930418,348.962249,442.5,11011.6526,3936.03948,10269.1526,1408.53948,6000,4269.1526,-13231.46052,2500.0,40.0,-16931.46052,1769.1526,3511.444036,1000,4511.444036,4930.557218,20326.354924,623.353771,0.0,0.0,2.83812,-337.647608,837.9,425.249734,29.387716,2.0
H,centrale,12,24.5,11.866265,68.540969,78.340969,5,40,25,16.5,250,7834.096905,26.113656,11062.6075,3094.864646,14157.472146,4247.241644,290.35482,235.022907,367.5,9384.852775,4113.885817,8767.352775,2011.385817,3000,5767.352775,-5308.614183,2500.0,40.0,-9008.614183,3267.352775,2500,1000,3500,3971.017899,12829.593085,409.198899,0.0,0.0,7.984755,-73.953529,1354.605,535.803387,34.121988,3.0
H,centrale,24,73.5,29.492776,321.637255,351.037255,15,120,75,78.0,750,35103.725494,117.012418,33187.8225,14523.047791,47710.870291,14313.261087,998.896609,1053.111765,1102.5,31345.60083,12647.448868,29493.10083,6339.948868,6000,23493.10083,-8300.051132,2500.0,40.0,-12000.051132,20993.10083,2500,1000,3500,3971.017899,19128.421874,1099.771732,0.0,0.0,19.088598,-159.378272,2257.675,1331.702064,70.870786,5.0
H,favorevole,12,37.0,19.681878,103.619273,118.419273,8,64,40,22.0,400,11841.927262,39.473091,17500.889,4901.160509,22402.049509,6720.614853,451.355332,355.257818,555.0,14874.821507,6892.484236,13919.821507,3627.484236,3000,10919.821507,-3692.515764,2500.0,40.0,-7392.515764,8419.821507,2500,1000,3500,3986.791767,13690.814368,527.077909,0.0,0.0,15.974529,-49.730684,2364.985,930.946933,61.647762,5.0
H,favorevole,24,123.0,58.277905,575.68108,624.88108,25,200,125,120.5,1250,62488.107965,208.293693,58178.631,27229.542363,85408.173363,25622.452009,1761.44141,1874.643239,1845.0,56149.636706,24529.217812,53054.636706,13994.217812,6000,47054.636706,-645.782188,2500.0,40.0,-4345.782188,44554.636706,2500,1000,3500,3986.791767,19176.105764,1630.013963,0.0,0.0,27.333899,413.832183,4256.973,2756.527411,122.595444,9.0
