offer,case,revenue_net_24,operating_economic_24,project_economic_24,cash_requirement,cash_requirement_founder_draws,founder_earnings_per_hour,operating_economic_exit_month,contractor_hours
F,centrale,34296.886901,-6096.82086,-12096.82086,4162.868453,19587.768925,18.67554,269.987503,0.0
F,zero clienti,0.0,-14640.0,-20640.0,10000.0,22470.0,-23.195876,-610.0,0.0
F,installazioni -50%,17148.443451,-10368.41043,-16368.41043,4552.177669,20613.719382,7.519052,-170.006248,0.0
F,installazioni +50%,51445.330352,-1825.23129,-7825.23129,4046.727845,20532.561026,24.443508,709.981255,0.0
F,setup249,41069.911901,548.42439,-5451.57561,4024.07373,16435.769538,24.896498,722.045003,0.0
F,setup490,57392.902151,16563.465443,10563.465443,4000,13519.921034,39.889007,1811.503578,0.0
F,setup790,77711.977151,36499.201193,30499.201193,4000,12448.950691,58.551881,3167.676078,0.0
F,setup790 e installazioni -30%,54398.384006,21157.440835,15157.440835,4000,11612.265484,47.540451,2034.373255,0.0
F,mensile79,49116.323423,8443.032478,2443.032478,4087.36178,15938.369417,32.287049,1603.230564,0.0
F,commerciale6h/cliente,34296.886901,-12711.82086,-18711.82086,4162.868453,26722.438765,15.480113,-180.012497,0.0
F,installazione8h/cliente,34296.886901,-19326.82086,-25326.82086,4162.868453,34687.438765,13.218412,-630.012497,0.0
F,CACcash80/cliente,34296.886901,-9036.82086,-15036.82086,4283.29981,21790.310704,15.923254,69.987503,0.0
F,commerciale6h e CACcash100,34296.886901,-17121.82086,-23121.82086,4355.29981,31132.438765,12.058067,-480.012497,0.0
F,rimborsi10%,31821.853826,-8571.853935,-14571.853935,4196.452072,21309.622808,16.358533,60.274652,0.0
F,eccezioni25%,34296.886901,-27539.304522,-33539.304522,4162.868453,46098.477638,11.188895,-1696.197567,0.0
F,gestione40h/mese,34296.886901,-26256.82086,-32256.82086,4162.868453,41437.438765,11.463759,-570.012497,0.0
F,avvio cash+5000,34296.886901,-6096.82086,-17096.82086,9162.868453,24587.768925,13.994781,269.987503,0.0
G,centrale,47710.870291,6500.709956,2800.709956,3500,12049.527794,32.674292,1007.434847,0.0
G,zero clienti,0.0,-14640.0,-18340.0,9500.0,20170.0,-25.914634,-610.0,0.0
G,installazioni -50%,23855.435145,-4069.645022,-7769.645022,3536.901334,12684.395891,18.700931,198.717423,0.0
G,installazioni +50%,71566.305436,17071.064934,13371.064934,3500,13492.466081,39.503869,1816.15227,0.0
G,setup249,31387.880041,-9514.331097,-13214.331097,3541.694384,19847.70184,17.382137,-82.023728,0.0
G,setup790,68029.945291,26436.445706,22736.445706,3500,10429.329191,51.710168,2363.607347,0.0
G,setup790 e installazioni -30%,47620.961704,14113.511994,10413.511994,3500,9559.857258,42.523914,1471.525143,0.0
G,"setup790, installazioni -30%, mantenimento0%",37454.82825,8178.118732,4478.118732,3500,8795.595835,36.235523,942.252975,0.0
G,mensile79,56602.532204,15224.621958,11524.621958,3500,11547.468102,41.004424,1807.380684,0.0
G,commerciale6h/cliente,47710.870291,-114.290044,-3814.290044,3500,15072.538627,26.991343,557.434847,0.0
G,installazione8h/cliente,47710.870291,-2319.290044,-6019.290044,3500,16415.297403,25.512252,407.434847,0.0
G,CACcash80/cliente,47710.870291,3560.709956,-139.290044,3500,12649.571658,29.866997,807.434847,0.0
G,commerciale6h e CACcash100,47710.870291,-4524.290044,-8224.290044,3500,17112.634847,23.512799,257.434847,0.0
G,rimborsi10%,44267.817796,3057.65746,-642.34254,3500,12661.305561,29.386652,748.407636,0.0
G,eccezioni25%,47710.870291,-7540.780242,-11240.780242,3500,21653.284111,22.581917,-252.276195,0.0
G,gestione40h/mese,47710.870291,-13659.290044,-17359.290044,3500,26809.724402,19.903114,167.434847,0.0
G,mantenimento30%,40449.346395,2261.14334,-1438.85666,3500,11864.883229,28.510999,629.383298,0.0
G,mantenimento0%,33187.8225,-1978.423275,-5678.423275,3500,12149.310925,23.58642,251.33175,0.0
G,avvio cash+5000,47710.870291,6500.709956,-2199.290044,8500,17049.527794,27.899981,1007.434847,0.0
H,centrale,47710.870291,-8300.051132,-12000.051132,3500,19128.421874,19.088598,-159.378272,0.0
H,zero clienti,0.0,-14640.0,-18340.0,9500.0,20170.0,-25.914634,-610.0,0.0
H,installazioni -50%,23855.435145,-11795.025566,-15495.025566,3721.610299,20581.710937,8.594657,-612.189136,0.0
H,installazioni +50%,71566.305436,-5305.076697,-9005.076697,3500,19494.248046,23.958991,-161.567408,0.0
H,setup249,31387.880041,-19418.195109,-23118.195109,3690.369557,30246.565852,8.979097,-915.714597,0.0
H,setup790,68029.945291,5539.962118,1839.962118,3500,12447.884599,31.67304,782.119228,0.0
H,setup790 e installazioni -30%,47620.961704,-791.026517,-4491.026517,3500,12696.714503,24.877001,224.983459,0.0
H,"setup790, installazioni -30%, mantenimento0%",37454.82825,-3676.579743,-7376.579743,3500,12795.383793,20.336095,-24.631275,0.0
H,mensile79,56602.532204,-2243.637703,-5943.637703,3500,15276.297056,24.595571,395.969226,0.0
H,commerciale6h/cliente,47710.870291,-19325.051132,-23025.051132,3500,32403.421874,14.307575,-909.378272,0.0
H,installazione8h/cliente,47710.870291,-19325.051132,-23025.051132,3500,32403.421874,14.307575,-909.378272,0.0
H,CACcash80/cliente,47710.870291,-13077.551132,-16777.551132,3557.390799,23905.921874,14.744515,-484.378272,0.0
H,commerciale6h e CACcash100,47710.870291,-25572.551132,-29272.551132,3577.390799,38650.921874,10.049673,-1334.378272,0.0
H,rimborsi10%,44267.817796,-10710.187878,-14410.187878,3516.568869,21538.558621,16.89711,-340.69732,0.0
H,eccezioni25%,47710.870291,-22341.541329,-26041.541329,3500,36949.045199,13.389982,-1419.089315,0.0
H,gestione40h/mese,47710.870291,-28460.051132,-32160.051132,3500,41808.421874,11.848649,-999.378272,0.0
H,mantenimento30%,40449.346395,-10361.160578,-14061.160578,3501.542475,20494.09595,16.198628,-337.674511,0.0
H,mantenimento0%,33187.8225,-12422.270025,-16122.270025,3510.69415,21859.770025,12.809788,-515.97075,0.0
H,avvio cash+5000,47710.870291,-8300.051132,-17000.051132,8500,24128.421874,14.5422,-159.378272,0.0
H,quota partner15%,47710.870291,-1143.420588,-4843.420588,3500,14336.875792,25.595976,379.028287,0.0
H,quota partner40%,47710.870291,-13071.138161,-16771.138161,3540.253509,23899.508904,14.750346,-518.315979,0.0
H,produttività partner2clienti,47710.870291,-21220.051132,-24920.051132,3500,34208.421874,13.317363,-929.378272,0.0
